Label,FileName
Blues,43458.fused.full.npy.gz
Blues,21307.fused.full.npy.gz
Blues,4537.fused.full.npy.gz
Blues,3433.fused.full.npy.gz
Blues,20578.fused.full.npy.gz
Blues,19133.fused.full.npy.gz
Blues,19129.fused.full.npy.gz
Blues,3428.fused.full.npy.gz
Blues,19135.fused.full.npy.gz
Blues,19125.fused.full.npy.gz
Blues,33969.fused.full.npy.gz
Blues,3426.fused.full.npy.gz
Blues,21799.fused.full.npy.gz
Blues,3443.fused.full.npy.gz
Blues,68888.fused.full.npy.gz
Blues,31486.fused.full.npy.gz
Blues,38545.fused.full.npy.gz
Blues,25067.fused.full.npy.gz
Blues,15510.fused.full.npy.gz
Blues,17559.fused.full.npy.gz
Blues,12792.fused.full.npy.gz
Blues,44437.fused.full.npy.gz
Blues,1046.fused.full.npy.gz
Blues,33967.fused.full.npy.gz
Blues,53396.fused.full.npy.gz
Blues,12884.fused.full.npy.gz
Blues,462.fused.full.npy.gz
Blues,3842.fused.full.npy.gz
Blues,43762.fused.full.npy.gz
Blues,66091.fused.full.npy.gz
Blues,12803.fused.full.npy.gz
Blues,3844.fused.full.npy.gz
Blues,3444.fused.full.npy.gz
Blues,461.fused.full.npy.gz
Blues,44439.fused.full.npy.gz
Blues,465.fused.full.npy.gz
Blues,12787.fused.full.npy.gz
Blues,33971.fused.full.npy.gz
Blues,34059.fused.full.npy.gz
Blues,38542.fused.full.npy.gz
Blues,38540.fused.full.npy.gz
Blues,43764.fused.full.npy.gz
Blues,25110.fused.full.npy.gz
Blues,18923.fused.full.npy.gz
Blues,16023.fused.full.npy.gz
Blues,34058.fused.full.npy.gz
Blues,80251.fused.full.npy.gz
Blues,18738.fused.full.npy.gz
Blues,80244.fused.full.npy.gz
Blues,44997.fused.full.npy.gz
Blues,57802.fused.full.npy.gz
Blues,66098.fused.full.npy.gz
Blues,123944.fused.full.npy.gz
Blues,123951.fused.full.npy.gz
Blues,3711.fused.full.npy.gz
Blues,27948.fused.full.npy.gz
Blues,66097.fused.full.npy.gz
Blues,57799.fused.full.npy.gz
Blues,40624.fused.full.npy.gz
Blues,3425.fused.full.npy.gz
Blues,123950.fused.full.npy.gz
Blues,57800.fused.full.npy.gz
Blues,34057.fused.full.npy.gz
Blues,44438.fused.full.npy.gz
Blues,66092.fused.full.npy.gz
Blues,123952.fused.full.npy.gz
Blues,18643.fused.full.npy.gz
Blues,63228.fused.full.npy.gz
Blues,38543.fused.full.npy.gz
Blues,3432.fused.full.npy.gz
Blues,42146.fused.full.npy.gz
Blues,1048.fused.full.npy.gz
Blues,40621.fused.full.npy.gz
Blues,20577.fused.full.npy.gz
Blues,1047.fused.full.npy.gz
Blues,67236.fused.full.npy.gz
Blues,123960.fused.full.npy.gz
Blues,63229.fused.full.npy.gz
Blues,17754.fused.full.npy.gz
Blues,3440.fused.full.npy.gz
Blues,31483.fused.full.npy.gz
Blues,42138.fused.full.npy.gz
Blues,44444.fused.full.npy.gz
Blues,34054.fused.full.npy.gz
Blues,13193.fused.full.npy.gz
Blues,3843.fused.full.npy.gz
Blues,3435.fused.full.npy.gz
Blues,82556.fused.full.npy.gz
Blues,3431.fused.full.npy.gz
Blues,38426.fused.full.npy.gz
Blues,38427.fused.full.npy.gz
Blues,80238.fused.full.npy.gz
Blues,66084.fused.full.npy.gz
Blues,24494.fused.full.npy.gz
Blues,21798.fused.full.npy.gz
Blues,43457.fused.full.npy.gz
Blues,38424.fused.full.npy.gz
Blues,123955.fused.full.npy.gz
Blues,31485.fused.full.npy.gz
Blues,123953.fused.full.npy.gz
Blues,19134.fused.full.npy.gz
Blues,16301.fused.full.npy.gz
Blues,22337.fused.full.npy.gz
Blues,33966.fused.full.npy.gz
Blues,42135.fused.full.npy.gz
Blues,38541.fused.full.npy.gz
Blues,66082.fused.full.npy.gz
Blues,33968.fused.full.npy.gz
Blues,19128.fused.full.npy.gz
Blues,31484.fused.full.npy.gz
Blues,42139.fused.full.npy.gz
Blues,11957.fused.full.npy.gz
Blues,18918.fused.full.npy.gz
Blues,12796.fused.full.npy.gz
Blues,44441.fused.full.npy.gz
Blues,19130.fused.full.npy.gz
Blues,13671.fused.full.npy.gz
Blues,66090.fused.full.npy.gz
Blues,38538.fused.full.npy.gz
Blues,66088.fused.full.npy.gz
Blues,66078.fused.full.npy.gz
Blues,1045.fused.full.npy.gz
Blues,1044.fused.full.npy.gz
Blues,80240.fused.full.npy.gz
Blues,123958.fused.full.npy.gz
Blues,33964.fused.full.npy.gz
Blues,45003.fused.full.npy.gz
Blues,19131.fused.full.npy.gz
Blues,40620.fused.full.npy.gz
Blues,44998.fused.full.npy.gz
Blues,42129.fused.full.npy.gz
Blues,18917.fused.full.npy.gz
Blues,45004.fused.full.npy.gz
Blues,3445.fused.full.npy.gz
Blues,66085.fused.full.npy.gz
Blues,4540.fused.full.npy.gz
Blues,66093.fused.full.npy.gz
Blues,17695.fused.full.npy.gz
Blues,1042.fused.full.npy.gz
Blues,66099.fused.full.npy.gz
Blues,3424.fused.full.npy.gz
Blues,66095.fused.full.npy.gz
Blues,20434.fused.full.npy.gz
Blues,16304.fused.full.npy.gz
Blues,57798.fused.full.npy.gz
Blues,40622.fused.full.npy.gz
Blues,20576.fused.full.npy.gz
Blues,3846.fused.full.npy.gz
Blues,19137.fused.full.npy.gz
Blues,123943.fused.full.npy.gz
Blues,30866.fused.full.npy.gz
Blues,17779.fused.full.npy.gz
Blues,45002.fused.full.npy.gz
Blues,40623.fused.full.npy.gz
Blues,17557.fused.full.npy.gz
Blues,57801.fused.full.npy.gz
Blues,66100.fused.full.npy.gz
Blues,123945.fused.full.npy.gz
Blues,56442.fused.full.npy.gz
Blues,4538.fused.full.npy.gz
Chiptune,115377.fused.full.npy.gz
Chiptune,45503.fused.full.npy.gz
Chiptune,30518.fused.full.npy.gz
Chiptune,25376.fused.full.npy.gz
Chiptune,115379.fused.full.npy.gz
Chiptune,29532.fused.full.npy.gz
Chiptune,23857.fused.full.npy.gz
Chiptune,45506.fused.full.npy.gz
Chiptune,19264.fused.full.npy.gz
Chiptune,115367.fused.full.npy.gz
Chiptune,30522.fused.full.npy.gz
Chiptune,31456.fused.full.npy.gz
Chiptune,44803.fused.full.npy.gz
Chiptune,45099.fused.full.npy.gz
Chiptune,32431.fused.full.npy.gz
Chiptune,19266.fused.full.npy.gz
Chiptune,25387.fused.full.npy.gz
Chiptune,115373.fused.full.npy.gz
Chiptune,115378.fused.full.npy.gz
Chiptune,20670.fused.full.npy.gz
Chiptune,25382.fused.full.npy.gz
Chiptune,20677.fused.full.npy.gz
Chiptune,19262.fused.full.npy.gz
Chiptune,18762.fused.full.npy.gz
Chiptune,115357.fused.full.npy.gz
Chiptune,115388.fused.full.npy.gz
Chiptune,36055.fused.full.npy.gz
Chiptune,48559.fused.full.npy.gz
Chiptune,37390.fused.full.npy.gz
Chiptune,48555.fused.full.npy.gz
Chiptune,23858.fused.full.npy.gz
Chiptune,32433.fused.full.npy.gz
Chiptune,32436.fused.full.npy.gz
Chiptune,37921.fused.full.npy.gz
Chiptune,115381.fused.full.npy.gz
Chiptune,40786.fused.full.npy.gz
Chiptune,51785.fused.full.npy.gz
Chiptune,29529.fused.full.npy.gz
Chiptune,32087.fused.full.npy.gz
Chiptune,31458.fused.full.npy.gz
Chiptune,44095.fused.full.npy.gz
Chiptune,44802.fused.full.npy.gz
Chiptune,20673.fused.full.npy.gz
Chiptune,115386.fused.full.npy.gz
Chiptune,23885.fused.full.npy.gz
Chiptune,37919.fused.full.npy.gz
Chiptune,20665.fused.full.npy.gz
Chiptune,115372.fused.full.npy.gz
Chiptune,48554.fused.full.npy.gz
Chiptune,45101.fused.full.npy.gz
Chiptune,25389.fused.full.npy.gz
Chiptune,23360.fused.full.npy.gz
Chiptune,48290.fused.full.npy.gz
Chiptune,31459.fused.full.npy.gz
Chiptune,23879.fused.full.npy.gz
Chiptune,32432.fused.full.npy.gz
Chiptune,44097.fused.full.npy.gz
Chiptune,40789.fused.full.npy.gz
Chiptune,48289.fused.full.npy.gz
Chiptune,23854.fused.full.npy.gz
Chiptune,25368.fused.full.npy.gz
Chiptune,30521.fused.full.npy.gz
Chiptune,41460.fused.full.npy.gz
Chiptune,115375.fused.full.npy.gz
Chiptune,48291.fused.full.npy.gz
Chiptune,44092.fused.full.npy.gz
Chiptune,48294.fused.full.npy.gz
Chiptune,17882.fused.full.npy.gz
Chiptune,48298.fused.full.npy.gz
Chiptune,115370.fused.full.npy.gz
Chiptune,45504.fused.full.npy.gz
Chiptune,115380.fused.full.npy.gz
Chiptune,23883.fused.full.npy.gz
Chiptune,41453.fused.full.npy.gz
Chiptune,115376.fused.full.npy.gz
Chiptune,23853.fused.full.npy.gz
Chiptune,32091.fused.full.npy.gz
Chiptune,19788.fused.full.npy.gz
Chiptune,20667.fused.full.npy.gz
Chiptune,19270.fused.full.npy.gz
Chiptune,44096.fused.full.npy.gz
Chiptune,20672.fused.full.npy.gz
Chiptune,115392.fused.full.npy.gz
Chiptune,41452.fused.full.npy.gz
Chiptune,39286.fused.full.npy.gz
Chiptune,41455.fused.full.npy.gz
Chiptune,23861.fused.full.npy.gz
Chiptune,48556.fused.full.npy.gz
Chiptune,19272.fused.full.npy.gz
Chiptune,33137.fused.full.npy.gz
Chiptune,32088.fused.full.npy.gz
Chiptune,30519.fused.full.npy.gz
Chiptune,26870.fused.full.npy.gz
Chiptune,25380.fused.full.npy.gz
Chiptune,25372.fused.full.npy.gz
Chiptune,20676.fused.full.npy.gz
Chiptune,19785.fused.full.npy.gz
Chiptune,39289.fused.full.npy.gz
Chiptune,25375.fused.full.npy.gz
Chiptune,18764.fused.full.npy.gz
Chiptune,32090.fused.full.npy.gz
Chiptune,37918.fused.full.npy.gz
Chiptune,29528.fused.full.npy.gz
Chiptune,48558.fused.full.npy.gz
Chiptune,31457.fused.full.npy.gz
Chiptune,25374.fused.full.npy.gz
Chiptune,23356.fused.full.npy.gz
Chiptune,25367.fused.full.npy.gz
Chiptune,32438.fused.full.npy.gz
Chiptune,45103.fused.full.npy.gz
Chiptune,33138.fused.full.npy.gz
Chiptune,115362.fused.full.npy.gz
Chiptune,30520.fused.full.npy.gz
Chiptune,19263.fused.full.npy.gz
Chiptune,23361.fused.full.npy.gz
Chiptune,115371.fused.full.npy.gz
Chiptune,55776.fused.full.npy.gz
Chiptune,18636.fused.full.npy.gz
Chiptune,23855.fused.full.npy.gz
Chiptune,19787.fused.full.npy.gz
Chiptune,25391.fused.full.npy.gz
Chiptune,25379.fused.full.npy.gz
Chiptune,115387.fused.full.npy.gz
Chiptune,115363.fused.full.npy.gz
Chiptune,115359.fused.full.npy.gz
Chiptune,48557.fused.full.npy.gz
Chiptune,48292.fused.full.npy.gz
Chiptune,20664.fused.full.npy.gz
Chiptune,25378.fused.full.npy.gz
Chiptune,25384.fused.full.npy.gz
Chiptune,39284.fused.full.npy.gz
Chiptune,23860.fused.full.npy.gz
Chiptune,44093.fused.full.npy.gz
Chiptune,19782.fused.full.npy.gz
Chiptune,39285.fused.full.npy.gz
Chiptune,18763.fused.full.npy.gz
Chiptune,115356.fused.full.npy.gz
Chiptune,20663.fused.full.npy.gz
Chiptune,23363.fused.full.npy.gz
Chiptune,25363.fused.full.npy.gz
Chiptune,44094.fused.full.npy.gz
Chiptune,41458.fused.full.npy.gz
Chiptune,20669.fused.full.npy.gz
Chiptune,40785.fused.full.npy.gz
Chiptune,19786.fused.full.npy.gz
Chiptune,23886.fused.full.npy.gz
Chiptune,45507.fused.full.npy.gz
Chiptune,25388.fused.full.npy.gz
Chiptune,23859.fused.full.npy.gz
Chiptune,41451.fused.full.npy.gz
Chiptune,115358.fused.full.npy.gz
Chiptune,20671.fused.full.npy.gz
Chiptune,48293.fused.full.npy.gz
Chiptune,18759.fused.full.npy.gz
Chiptune,45505.fused.full.npy.gz
Chiptune,37917.fused.full.npy.gz
Chiptune,37386.fused.full.npy.gz
Chiptune,19267.fused.full.npy.gz
Chiptune,37920.fused.full.npy.gz
Chiptune,23880.fused.full.npy.gz
Classical,46646.fused.full.npy.gz
Classical,28102.fused.full.npy.gz
Classical,16927.fused.full.npy.gz
Classical,17792.fused.full.npy.gz
Classical,17678.fused.full.npy.gz
Classical,17675.fused.full.npy.gz
Classical,11733.fused.full.npy.gz
Classical,16987.fused.full.npy.gz
Classical,28098.fused.full.npy.gz
Classical,47061.fused.full.npy.gz
Classical,11377.fused.full.npy.gz
Classical,10960.fused.full.npy.gz
Classical,31236.fused.full.npy.gz
Classical,41404.fused.full.npy.gz
Classical,11716.fused.full.npy.gz
Classical,11715.fused.full.npy.gz
Classical,11352.fused.full.npy.gz
Classical,23127.fused.full.npy.gz
Classical,25922.fused.full.npy.gz
Classical,11395.fused.full.npy.gz
Classical,47057.fused.full.npy.gz
Classical,28122.fused.full.npy.gz
Classical,23186.fused.full.npy.gz
Classical,41520.fused.full.npy.gz
Classical,11390.fused.full.npy.gz
Classical,16277.fused.full.npy.gz
Classical,23141.fused.full.npy.gz
Classical,41410.fused.full.npy.gz
Classical,16511.fused.full.npy.gz
Classical,36548.fused.full.npy.gz
Classical,47055.fused.full.npy.gz
Classical,47050.fused.full.npy.gz
Classical,48396.fused.full.npy.gz
Classical,17783.fused.full.npy.gz
Classical,24940.fused.full.npy.gz
Classical,31234.fused.full.npy.gz
Classical,10035.fused.full.npy.gz
Classical,65791.fused.full.npy.gz
Classical,41393.fused.full.npy.gz
Classical,11429.fused.full.npy.gz
Classical,11326.fused.full.npy.gz
Classical,28118.fused.full.npy.gz
Classical,41400.fused.full.npy.gz
Classical,48397.fused.full.npy.gz
Classical,31819.fused.full.npy.gz
Classical,65788.fused.full.npy.gz
Classical,11426.fused.full.npy.gz
Classical,11389.fused.full.npy.gz
Classical,41415.fused.full.npy.gz
Classical,48388.fused.full.npy.gz
Classical,11423.fused.full.npy.gz
Classical,46649.fused.full.npy.gz
Classical,11431.fused.full.npy.gz
Classical,11428.fused.full.npy.gz
Classical,23164.fused.full.npy.gz
Classical,11407.fused.full.npy.gz
Classical,31250.fused.full.npy.gz
Classical,48379.fused.full.npy.gz
Classical,48394.fused.full.npy.gz
Classical,48406.fused.full.npy.gz
Classical,11351.fused.full.npy.gz
Classical,41517.fused.full.npy.gz
Classical,23152.fused.full.npy.gz
Classical,16286.fused.full.npy.gz
Classical,46638.fused.full.npy.gz
Classical,24936.fused.full.npy.gz
Classical,23125.fused.full.npy.gz
Classical,10033.fused.full.npy.gz
Classical,10958.fused.full.npy.gz
Classical,48395.fused.full.npy.gz
Classical,11695.fused.full.npy.gz
Classical,11754.fused.full.npy.gz
Classical,41405.fused.full.npy.gz
Classical,48405.fused.full.npy.gz
Classical,11757.fused.full.npy.gz
Classical,10037.fused.full.npy.gz
Classical,10959.fused.full.npy.gz
Classical,11327.fused.full.npy.gz
Classical,46644.fused.full.npy.gz
Classical,28120.fused.full.npy.gz
Classical,47066.fused.full.npy.gz
Classical,65795.fused.full.npy.gz
Classical,21532.fused.full.npy.gz
Classical,112561.fused.full.npy.gz
Classical,4850.fused.full.npy.gz
Classical,11324.fused.full.npy.gz
Classical,11375.fused.full.npy.gz
Classical,23151.fused.full.npy.gz
Classical,1873.fused.full.npy.gz
Classical,37978.fused.full.npy.gz
Classical,11752.fused.full.npy.gz
Classical,41409.fused.full.npy.gz
Classical,31233.fused.full.npy.gz
Classical,17790.fused.full.npy.gz
Classical,11420.fused.full.npy.gz
Classical,47054.fused.full.npy.gz
Classical,28113.fused.full.npy.gz
Classical,17781.fused.full.npy.gz
Classical,25865.fused.full.npy.gz
Classical,46647.fused.full.npy.gz
Classical,16928.fused.full.npy.gz
Classical,23135.fused.full.npy.gz
Classical,23160.fused.full.npy.gz
Classical,30131.fused.full.npy.gz
Classical,41414.fused.full.npy.gz
Classical,24939.fused.full.npy.gz
Classical,23150.fused.full.npy.gz
Classical,23144.fused.full.npy.gz
Classical,11758.fused.full.npy.gz
Classical,11425.fused.full.npy.gz
Classical,11396.fused.full.npy.gz
Classical,31246.fused.full.npy.gz
Classical,65794.fused.full.npy.gz
Classical,11748.fused.full.npy.gz
Classical,23161.fused.full.npy.gz
Classical,23139.fused.full.npy.gz
Classical,46652.fused.full.npy.gz
Classical,47047.fused.full.npy.gz
Classical,11346.fused.full.npy.gz
Classical,47056.fused.full.npy.gz
Classical,17584.fused.full.npy.gz
Classical,31243.fused.full.npy.gz
Classical,47058.fused.full.npy.gz
Classical,16513.fused.full.npy.gz
Classical,23064.fused.full.npy.gz
Classical,24937.fused.full.npy.gz
Classical,41411.fused.full.npy.gz
Classical,11753.fused.full.npy.gz
Classical,10956.fused.full.npy.gz
Classical,11430.fused.full.npy.gz
Classical,31238.fused.full.npy.gz
Classical,24831.fused.full.npy.gz
Classical,16929.fused.full.npy.gz
Classical,28111.fused.full.npy.gz
Classical,11323.fused.full.npy.gz
Classical,19333.fused.full.npy.gz
Classical,47053.fused.full.npy.gz
Classical,28117.fused.full.npy.gz
Classical,23142.fused.full.npy.gz
Classical,48389.fused.full.npy.gz
Classical,23147.fused.full.npy.gz
Classical,31237.fused.full.npy.gz
Classical,10044.fused.full.npy.gz
Classical,28119.fused.full.npy.gz
Classical,48404.fused.full.npy.gz
Classical,48400.fused.full.npy.gz
Classical,65792.fused.full.npy.gz
Classical,48392.fused.full.npy.gz
Classical,1867.fused.full.npy.gz
Classical,46637.fused.full.npy.gz
Classical,11419.fused.full.npy.gz
Classical,17677.fused.full.npy.gz
Classical,16989.fused.full.npy.gz
Classical,25867.fused.full.npy.gz
Classical,23123.fused.full.npy.gz
Classical,16949.fused.full.npy.gz
Classical,23140.fused.full.npy.gz
Classical,15628.fused.full.npy.gz
Classical,19332.fused.full.npy.gz
Classical,31248.fused.full.npy.gz
Electronic,23456.fused.full.npy.gz
Electronic,46259.fused.full.npy.gz
Electronic,29765.fused.full.npy.gz
Electronic,46763.fused.full.npy.gz
Electronic,33620.fused.full.npy.gz
Electronic,10191.fused.full.npy.gz
Electronic,46765.fused.full.npy.gz
Electronic,30910.fused.full.npy.gz
Electronic,42021.fused.full.npy.gz
Electronic,12997.fused.full.npy.gz
Electronic,40817.fused.full.npy.gz
Electronic,2071.fused.full.npy.gz
Electronic,16045.fused.full.npy.gz
Electronic,10265.fused.full.npy.gz
Electronic,23524.fused.full.npy.gz
Electronic,26646.fused.full.npy.gz
Electronic,663.fused.full.npy.gz
Electronic,30002.fused.full.npy.gz
Electronic,23500.fused.full.npy.gz
Electronic,49465.fused.full.npy.gz
Electronic,46482.fused.full.npy.gz
Electronic,31378.fused.full.npy.gz
Electronic,51609.fused.full.npy.gz
Electronic,2076.fused.full.npy.gz
Electronic,102278.fused.full.npy.gz
Electronic,39916.fused.full.npy.gz
Electronic,31732.fused.full.npy.gz
Electronic,1678.fused.full.npy.gz
Electronic,10259.fused.full.npy.gz
Electronic,50552.fused.full.npy.gz
Electronic,1318.fused.full.npy.gz
Electronic,6655.fused.full.npy.gz
Electronic,47076.fused.full.npy.gz
Electronic,14782.fused.full.npy.gz
Electronic,19556.fused.full.npy.gz
Electronic,10132.fused.full.npy.gz
Electronic,50435.fused.full.npy.gz
Electronic,50431.fused.full.npy.gz
Electronic,31379.fused.full.npy.gz
Electronic,71407.fused.full.npy.gz
Electronic,99027.fused.full.npy.gz
Electronic,1325.fused.full.npy.gz
Electronic,32873.fused.full.npy.gz
Electronic,7045.fused.full.npy.gz
Electronic,24309.fused.full.npy.gz
Electronic,116563.fused.full.npy.gz
Electronic,42420.fused.full.npy.gz
Electronic,39919.fused.full.npy.gz
Electronic,30383.fused.full.npy.gz
Electronic,11483.fused.full.npy.gz
Electronic,10122.fused.full.npy.gz
Electronic,13819.fused.full.npy.gz
Electronic,21420.fused.full.npy.gz
Electronic,28360.fused.full.npy.gz
Electronic,77554.fused.full.npy.gz
Electronic,99019.fused.full.npy.gz
Electronic,46261.fused.full.npy.gz
Electronic,3559.fused.full.npy.gz
Electronic,32223.fused.full.npy.gz
Electronic,22750.fused.full.npy.gz
Electronic,36122.fused.full.npy.gz
Electronic,43749.fused.full.npy.gz
Electronic,19907.fused.full.npy.gz
Electronic,1330.fused.full.npy.gz
Electronic,47547.fused.full.npy.gz
Electronic,4702.fused.full.npy.gz
Electronic,102275.fused.full.npy.gz
Electronic,41555.fused.full.npy.gz
Electronic,6753.fused.full.npy.gz
Electronic,116564.fused.full.npy.gz
Electronic,7011.fused.full.npy.gz
Electronic,102272.fused.full.npy.gz
Electronic,112369.fused.full.npy.gz
Electronic,33344.fused.full.npy.gz
Electronic,11484.fused.full.npy.gz
Electronic,46480.fused.full.npy.gz
Electronic,46767.fused.full.npy.gz
Electronic,46150.fused.full.npy.gz
Electronic,1307.fused.full.npy.gz
Electronic,24178.fused.full.npy.gz
Electronic,44480.fused.full.npy.gz
Electronic,30381.fused.full.npy.gz
Electronic,50437.fused.full.npy.gz
Electronic,43155.fused.full.npy.gz
Electronic,49475.fused.full.npy.gz
Electronic,3922.fused.full.npy.gz
Electronic,24847.fused.full.npy.gz
Electronic,23506.fused.full.npy.gz
Electronic,39291.fused.full.npy.gz
Electronic,3372.fused.full.npy.gz
Electronic,23501.fused.full.npy.gz
Electronic,23519.fused.full.npy.gz
Electronic,32063.fused.full.npy.gz
Electronic,1306.fused.full.npy.gz
Electronic,33257.fused.full.npy.gz
Electronic,9684.fused.full.npy.gz
Electronic,97976.fused.full.npy.gz
Electronic,29027.fused.full.npy.gz
Electronic,29026.fused.full.npy.gz
Electronic,25039.fused.full.npy.gz
Electronic,46766.fused.full.npy.gz
Electronic,98485.fused.full.npy.gz
Electronic,32061.fused.full.npy.gz
Electronic,97580.fused.full.npy.gz
Electronic,14783.fused.full.npy.gz
Electronic,109198.fused.full.npy.gz
Electronic,97903.fused.full.npy.gz
Electronic,23801.fused.full.npy.gz
Electronic,28176.fused.full.npy.gz
Electronic,32222.fused.full.npy.gz
Electronic,41671.fused.full.npy.gz
Electronic,14824.fused.full.npy.gz
Electronic,10114.fused.full.npy.gz
Electronic,23828.fused.full.npy.gz
Electronic,31752.fused.full.npy.gz
Electronic,23460.fused.full.npy.gz
Electronic,32919.fused.full.npy.gz
Electronic,2074.fused.full.npy.gz
Electronic,46764.fused.full.npy.gz
Electronic,1875.fused.full.npy.gz
Electronic,645.fused.full.npy.gz
Electronic,30916.fused.full.npy.gz
Electronic,19821.fused.full.npy.gz
Electronic,6771.fused.full.npy.gz
Electronic,23831.fused.full.npy.gz
Electronic,23822.fused.full.npy.gz
Electronic,9884.fused.full.npy.gz
Electronic,67466.fused.full.npy.gz
Electronic,50273.fused.full.npy.gz
Electronic,58211.fused.full.npy.gz
Electronic,42749.fused.full.npy.gz
Electronic,36434.fused.full.npy.gz
Electronic,1333.fused.full.npy.gz
Electronic,10079.fused.full.npy.gz
Electronic,28350.fused.full.npy.gz
Electronic,1328.fused.full.npy.gz
Electronic,24173.fused.full.npy.gz
Electronic,23492.fused.full.npy.gz
Electronic,43751.fused.full.npy.gz
Electronic,46768.fused.full.npy.gz
Electronic,19555.fused.full.npy.gz
Electronic,32134.fused.full.npy.gz
Electronic,97579.fused.full.npy.gz
Electronic,14780.fused.full.npy.gz
Electronic,28812.fused.full.npy.gz
Electronic,31377.fused.full.npy.gz
Electronic,75480.fused.full.npy.gz
Electronic,37131.fused.full.npy.gz
Electronic,41930.fused.full.npy.gz
Electronic,14822.fused.full.npy.gz
Electronic,47834.fused.full.npy.gz
Electronic,12094.fused.full.npy.gz
Electronic,2077.fused.full.npy.gz
Electronic,40810.fused.full.npy.gz
Electronic,25038.fused.full.npy.gz
Electronic,30307.fused.full.npy.gz
Electronic,12302.fused.full.npy.gz
Electronic,50432.fused.full.npy.gz
Electronic,23977.fused.full.npy.gz
Electronic,12996.fused.full.npy.gz
Folk,5052.fused.full.npy.gz
Folk,12809.fused.full.npy.gz
Folk,10449.fused.full.npy.gz
Folk,65892.fused.full.npy.gz
Folk,4991.fused.full.npy.gz
Folk,40229.fused.full.npy.gz
Folk,24123.fused.full.npy.gz
Folk,65890.fused.full.npy.gz
Folk,1917.fused.full.npy.gz
Folk,200.fused.full.npy.gz
Folk,715.fused.full.npy.gz
Folk,620.fused.full.npy.gz
Folk,124140.fused.full.npy.gz
Folk,12855.fused.full.npy.gz
Folk,18616.fused.full.npy.gz
Folk,18041.fused.full.npy.gz
Folk,12810.fused.full.npy.gz
Folk,623.fused.full.npy.gz
Folk,18617.fused.full.npy.gz
Folk,62877.fused.full.npy.gz
Folk,27859.fused.full.npy.gz
Folk,34541.fused.full.npy.gz
Folk,19636.fused.full.npy.gz
Folk,12793.fused.full.npy.gz
Folk,19680.fused.full.npy.gz
Folk,5047.fused.full.npy.gz
Folk,21709.fused.full.npy.gz
Folk,45520.fused.full.npy.gz
Folk,49740.fused.full.npy.gz
Folk,10731.fused.full.npy.gz
Folk,18715.fused.full.npy.gz
Folk,49847.fused.full.npy.gz
Folk,44772.fused.full.npy.gz
Folk,12052.fused.full.npy.gz
Folk,21718.fused.full.npy.gz
Folk,43208.fused.full.npy.gz
Folk,34144.fused.full.npy.gz
Folk,12883.fused.full.npy.gz
Folk,20257.fused.full.npy.gz
Folk,12839.fused.full.npy.gz
Folk,1194.fused.full.npy.gz
Folk,5053.fused.full.npy.gz
Folk,716.fused.full.npy.gz
Folk,12482.fused.full.npy.gz
Folk,115666.fused.full.npy.gz
Folk,22775.fused.full.npy.gz
Folk,11688.fused.full.npy.gz
Folk,107093.fused.full.npy.gz
Folk,12858.fused.full.npy.gz
Folk,21087.fused.full.npy.gz
Folk,5050.fused.full.npy.gz
Folk,45516.fused.full.npy.gz
Folk,34543.fused.full.npy.gz
Folk,12820.fused.full.npy.gz
Folk,540.fused.full.npy.gz
Folk,49848.fused.full.npy.gz
Folk,27862.fused.full.npy.gz
Folk,18743.fused.full.npy.gz
Folk,192.fused.full.npy.gz
Folk,22771.fused.full.npy.gz
Folk,32704.fused.full.npy.gz
Folk,10452.fused.full.npy.gz
Folk,21748.fused.full.npy.gz
Folk,3884.fused.full.npy.gz
Folk,115681.fused.full.npy.gz
Folk,630.fused.full.npy.gz
Folk,4452.fused.full.npy.gz
Folk,65891.fused.full.npy.gz
Folk,12785.fused.full.npy.gz
Folk,19979.fused.full.npy.gz
Folk,18615.fused.full.npy.gz
Folk,40867.fused.full.npy.gz
Folk,18719.fused.full.npy.gz
Folk,10481.fused.full.npy.gz
Folk,4454.fused.full.npy.gz
Folk,12822.fused.full.npy.gz
Folk,44770.fused.full.npy.gz
Folk,116451.fused.full.npy.gz
Folk,202.fused.full.npy.gz
Folk,50696.fused.full.npy.gz
Folk,40870.fused.full.npy.gz
Folk,49686.fused.full.npy.gz
Folk,26732.fused.full.npy.gz
Folk,48014.fused.full.npy.gz
Folk,10454.fused.full.npy.gz
Folk,12881.fused.full.npy.gz
Folk,98610.fused.full.npy.gz
Folk,622.fused.full.npy.gz
Folk,12805.fused.full.npy.gz
Folk,12860.fused.full.npy.gz
Folk,10450.fused.full.npy.gz
Folk,26734.fused.full.npy.gz
Folk,12840.fused.full.npy.gz
Folk,93712.fused.full.npy.gz
Folk,18753.fused.full.npy.gz
Folk,10455.fused.full.npy.gz
Folk,10686.fused.full.npy.gz
Folk,3271.fused.full.npy.gz
Folk,12788.fused.full.npy.gz
Folk,50549.fused.full.npy.gz
Folk,19638.fused.full.npy.gz
Folk,50555.fused.full.npy.gz
Folk,10441.fused.full.npy.gz
Folk,40866.fused.full.npy.gz
Folk,18622.fused.full.npy.gz
Folk,3273.fused.full.npy.gz
Folk,19705.fused.full.npy.gz
Folk,193.fused.full.npy.gz
Folk,11059.fused.full.npy.gz
Folk,12816.fused.full.npy.gz
Folk,625.fused.full.npy.gz
Folk,87318.fused.full.npy.gz
Folk,12794.fused.full.npy.gz
Folk,73488.fused.full.npy.gz
Folk,4453.fused.full.npy.gz
Folk,40871.fused.full.npy.gz
Folk,98608.fused.full.npy.gz
Folk,10733.fused.full.npy.gz
Folk,42994.fused.full.npy.gz
Folk,6784.fused.full.npy.gz
Folk,1698.fused.full.npy.gz
Folk,15443.fused.full.npy.gz
Folk,124138.fused.full.npy.gz
Folk,12852.fused.full.npy.gz
Folk,19678.fused.full.npy.gz
Folk,12812.fused.full.npy.gz
Folk,110441.fused.full.npy.gz
Folk,534.fused.full.npy.gz
Folk,631.fused.full.npy.gz
Folk,3267.fused.full.npy.gz
Folk,26738.fused.full.npy.gz
Folk,10992.fused.full.npy.gz
Folk,12819.fused.full.npy.gz
Folk,28875.fused.full.npy.gz
Folk,11687.fused.full.npy.gz
Folk,49857.fused.full.npy.gz
Folk,115665.fused.full.npy.gz
Folk,21090.fused.full.npy.gz
Folk,91934.fused.full.npy.gz
Folk,103532.fused.full.npy.gz
Folk,115663.fused.full.npy.gz
Folk,201.fused.full.npy.gz
Folk,34479.fused.full.npy.gz
Folk,12857.fused.full.npy.gz
Folk,10730.fused.full.npy.gz
Folk,12841.fused.full.npy.gz
Folk,12823.fused.full.npy.gz
Folk,10458.fused.full.npy.gz
Folk,72046.fused.full.npy.gz
Folk,195.fused.full.npy.gz
Folk,49843.fused.full.npy.gz
Folk,10444.fused.full.npy.gz
Folk,12064.fused.full.npy.gz
Folk,98606.fused.full.npy.gz
Folk,98604.fused.full.npy.gz
Folk,40240.fused.full.npy.gz
Folk,12825.fused.full.npy.gz
Folk,19665.fused.full.npy.gz
Folk,10480.fused.full.npy.gz
Folk,624.fused.full.npy.gz
Hip-Hop,14377.fused.full.npy.gz
Hip-Hop,22604.fused.full.npy.gz
Hip-Hop,18222.fused.full.npy.gz
Hip-Hop,37423.fused.full.npy.gz
Hip-Hop,11920.fused.full.npy.gz
Hip-Hop,99082.fused.full.npy.gz
Hip-Hop,11768.fused.full.npy.gz
Hip-Hop,33700.fused.full.npy.gz
Hip-Hop,3318.fused.full.npy.gz
Hip-Hop,30038.fused.full.npy.gz
Hip-Hop,11777.fused.full.npy.gz
Hip-Hop,15864.fused.full.npy.gz
Hip-Hop,12108.fused.full.npy.gz
Hip-Hop,11917.fused.full.npy.gz
Hip-Hop,40521.fused.full.npy.gz
Hip-Hop,43869.fused.full.npy.gz
Hip-Hop,6603.fused.full.npy.gz
Hip-Hop,83714.fused.full.npy.gz
Hip-Hop,32495.fused.full.npy.gz
Hip-Hop,110752.fused.full.npy.gz
Hip-Hop,15153.fused.full.npy.gz
Hip-Hop,26025.fused.full.npy.gz
Hip-Hop,12632.fused.full.npy.gz
Hip-Hop,11825.fused.full.npy.gz
Hip-Hop,3320.fused.full.npy.gz
Hip-Hop,44248.fused.full.npy.gz
Hip-Hop,89447.fused.full.npy.gz
Hip-Hop,31375.fused.full.npy.gz
Hip-Hop,29580.fused.full.npy.gz
Hip-Hop,20237.fused.full.npy.gz
Hip-Hop,20241.fused.full.npy.gz
Hip-Hop,78998.fused.full.npy.gz
Hip-Hop,15863.fused.full.npy.gz
Hip-Hop,83712.fused.full.npy.gz
Hip-Hop,9194.fused.full.npy.gz
Hip-Hop,30240.fused.full.npy.gz
Hip-Hop,32096.fused.full.npy.gz
Hip-Hop,83717.fused.full.npy.gz
Hip-Hop,30037.fused.full.npy.gz
Hip-Hop,50067.fused.full.npy.gz
Hip-Hop,29583.fused.full.npy.gz
Hip-Hop,40520.fused.full.npy.gz
Hip-Hop,35176.fused.full.npy.gz
Hip-Hop,15142.fused.full.npy.gz
Hip-Hop,43868.fused.full.npy.gz
Hip-Hop,11767.fused.full.npy.gz
Hip-Hop,89843.fused.full.npy.gz
Hip-Hop,40517.fused.full.npy.gz
Hip-Hop,15152.fused.full.npy.gz
Hip-Hop,65745.fused.full.npy.gz
Hip-Hop,37641.fused.full.npy.gz
Hip-Hop,28334.fused.full.npy.gz
Hip-Hop,11765.fused.full.npy.gz
Hip-Hop,9798.fused.full.npy.gz
Hip-Hop,11896.fused.full.npy.gz
Hip-Hop,83709.fused.full.npy.gz
Hip-Hop,14361.fused.full.npy.gz
Hip-Hop,33555.fused.full.npy.gz
Hip-Hop,11770.fused.full.npy.gz
Hip-Hop,47172.fused.full.npy.gz
Hip-Hop,32481.fused.full.npy.gz
Hip-Hop,124720.fused.full.npy.gz
Hip-Hop,40526.fused.full.npy.gz
Hip-Hop,13767.fused.full.npy.gz
Hip-Hop,36996.fused.full.npy.gz
Hip-Hop,11823.fused.full.npy.gz
Hip-Hop,37640.fused.full.npy.gz
Hip-Hop,35181.fused.full.npy.gz
Hip-Hop,110746.fused.full.npy.gz
Hip-Hop,13736.fused.full.npy.gz
Hip-Hop,7484.fused.full.npy.gz
Hip-Hop,49312.fused.full.npy.gz
Hip-Hop,37819.fused.full.npy.gz
Hip-Hop,10665.fused.full.npy.gz
Hip-Hop,36133.fused.full.npy.gz
Hip-Hop,83716.fused.full.npy.gz
Hip-Hop,33554.fused.full.npy.gz
Hip-Hop,20239.fused.full.npy.gz
Hip-Hop,15145.fused.full.npy.gz
Hip-Hop,15154.fused.full.npy.gz
Hip-Hop,20232.fused.full.npy.gz
Hip-Hop,20240.fused.full.npy.gz
Hip-Hop,39718.fused.full.npy.gz
Hip-Hop,35178.fused.full.npy.gz
Hip-Hop,11889.fused.full.npy.gz
Hip-Hop,11772.fused.full.npy.gz
Hip-Hop,36288.fused.full.npy.gz
Hip-Hop,89860.fused.full.npy.gz
Hip-Hop,47168.fused.full.npy.gz
Hip-Hop,21981.fused.full.npy.gz
Hip-Hop,20460.fused.full.npy.gz
Hip-Hop,18223.fused.full.npy.gz
Hip-Hop,124717.fused.full.npy.gz
Hip-Hop,24470.fused.full.npy.gz
Hip-Hop,35179.fused.full.npy.gz
Hip-Hop,7487.fused.full.npy.gz
Hip-Hop,15148.fused.full.npy.gz
Hip-Hop,47176.fused.full.npy.gz
Hip-Hop,33713.fused.full.npy.gz
Hip-Hop,18219.fused.full.npy.gz
Hip-Hop,11868.fused.full.npy.gz
Hip-Hop,50072.fused.full.npy.gz
Hip-Hop,7492.fused.full.npy.gz
Hip-Hop,83708.fused.full.npy.gz
Hip-Hop,35180.fused.full.npy.gz
Hip-Hop,50068.fused.full.npy.gz
Hip-Hop,43861.fused.full.npy.gz
Hip-Hop,33559.fused.full.npy.gz
Hip-Hop,13768.fused.full.npy.gz
Hip-Hop,34129.fused.full.npy.gz
Hip-Hop,11918.fused.full.npy.gz
Hip-Hop,3324.fused.full.npy.gz
Hip-Hop,10663.fused.full.npy.gz
Hip-Hop,24529.fused.full.npy.gz
Hip-Hop,12631.fused.full.npy.gz
Hip-Hop,24134.fused.full.npy.gz
Hip-Hop,36134.fused.full.npy.gz
Hip-Hop,32478.fused.full.npy.gz
Hip-Hop,50069.fused.full.npy.gz
Hip-Hop,33707.fused.full.npy.gz
Hip-Hop,110744.fused.full.npy.gz
Hip-Hop,29941.fused.full.npy.gz
Hip-Hop,24423.fused.full.npy.gz
Hip-Hop,99096.fused.full.npy.gz
Hip-Hop,33704.fused.full.npy.gz
Hip-Hop,11816.fused.full.npy.gz
Hip-Hop,30231.fused.full.npy.gz
Hip-Hop,29620.fused.full.npy.gz
Hip-Hop,124715.fused.full.npy.gz
Hip-Hop,43866.fused.full.npy.gz
Hip-Hop,10661.fused.full.npy.gz
Hip-Hop,14390.fused.full.npy.gz
Hip-Hop,29582.fused.full.npy.gz
Hip-Hop,673.fused.full.npy.gz
Hip-Hop,43857.fused.full.npy.gz
Hip-Hop,24469.fused.full.npy.gz
Hip-Hop,55555.fused.full.npy.gz
Hip-Hop,11779.fused.full.npy.gz
Hip-Hop,5269.fused.full.npy.gz
Hip-Hop,89841.fused.full.npy.gz
Hip-Hop,6608.fused.full.npy.gz
Hip-Hop,13735.fused.full.npy.gz
Hip-Hop,18221.fused.full.npy.gz
Hip-Hop,24464.fused.full.npy.gz
Hip-Hop,15146.fused.full.npy.gz
Hip-Hop,36295.fused.full.npy.gz
Hip-Hop,33714.fused.full.npy.gz
Hip-Hop,10666.fused.full.npy.gz
Hip-Hop,32479.fused.full.npy.gz
Hip-Hop,14387.fused.full.npy.gz
Hip-Hop,32962.fused.full.npy.gz
Hip-Hop,15143.fused.full.npy.gz
Hip-Hop,29586.fused.full.npy.gz
Hip-Hop,12630.fused.full.npy.gz
Hip-Hop,24422.fused.full.npy.gz
Hip-Hop,75754.fused.full.npy.gz
Hip-Hop,9778.fused.full.npy.gz
Hip-Hop,24468.fused.full.npy.gz
Hip-Hop,20238.fused.full.npy.gz
Hip-Hop,7482.fused.full.npy.gz
Indie-Rock,6593.fused.full.npy.gz
Indie-Rock,45375.fused.full.npy.gz
Indie-Rock,33045.fused.full.npy.gz
Indie-Rock,8444.fused.full.npy.gz
Indie-Rock,33331.fused.full.npy.gz
Indie-Rock,9662.fused.full.npy.gz
Indie-Rock,9637.fused.full.npy.gz
Indie-Rock,69953.fused.full.npy.gz
Indie-Rock,21073.fused.full.npy.gz
Indie-Rock,26570.fused.full.npy.gz
Indie-Rock,11409.fused.full.npy.gz
Indie-Rock,111907.fused.full.npy.gz
Indie-Rock,33046.fused.full.npy.gz
Indie-Rock,23852.fused.full.npy.gz
Indie-Rock,12367.fused.full.npy.gz
Indie-Rock,63039.fused.full.npy.gz
Indie-Rock,47447.fused.full.npy.gz
Indie-Rock,108958.fused.full.npy.gz
Indie-Rock,108960.fused.full.npy.gz
Indie-Rock,17350.fused.full.npy.gz
Indie-Rock,82912.fused.full.npy.gz
Indie-Rock,5090.fused.full.npy.gz
Indie-Rock,49434.fused.full.npy.gz
Indie-Rock,26236.fused.full.npy.gz
Indie-Rock,11272.fused.full.npy.gz
Indie-Rock,21071.fused.full.npy.gz
Indie-Rock,8494.fused.full.npy.gz
Indie-Rock,52216.fused.full.npy.gz
Indie-Rock,45372.fused.full.npy.gz
Indie-Rock,26241.fused.full.npy.gz
Indie-Rock,9664.fused.full.npy.gz
Indie-Rock,20929.fused.full.npy.gz
Indie-Rock,33291.fused.full.npy.gz
Indie-Rock,14409.fused.full.npy.gz
Indie-Rock,91738.fused.full.npy.gz
Indie-Rock,49430.fused.full.npy.gz
Indie-Rock,111902.fused.full.npy.gz
Indie-Rock,49090.fused.full.npy.gz
Indie-Rock,111910.fused.full.npy.gz
Indie-Rock,113823.fused.full.npy.gz
Indie-Rock,5151.fused.full.npy.gz
Indie-Rock,111908.fused.full.npy.gz
Indie-Rock,33277.fused.full.npy.gz
Indie-Rock,9663.fused.full.npy.gz
Indie-Rock,74265.fused.full.npy.gz
Indie-Rock,82910.fused.full.npy.gz
Indie-Rock,45964.fused.full.npy.gz
Indie-Rock,15271.fused.full.npy.gz
Indie-Rock,37628.fused.full.npy.gz
Indie-Rock,21070.fused.full.npy.gz
Indie-Rock,36487.fused.full.npy.gz
Indie-Rock,15275.fused.full.npy.gz
Indie-Rock,41302.fused.full.npy.gz
Indie-Rock,46802.fused.full.npy.gz
Indie-Rock,46634.fused.full.npy.gz
Indie-Rock,38742.fused.full.npy.gz
Indie-Rock,36482.fused.full.npy.gz
Indie-Rock,11956.fused.full.npy.gz
Indie-Rock,30932.fused.full.npy.gz
Indie-Rock,36489.fused.full.npy.gz
Indie-Rock,43007.fused.full.npy.gz
Indie-Rock,49433.fused.full.npy.gz
Indie-Rock,63042.fused.full.npy.gz
Indie-Rock,38558.fused.full.npy.gz
Indie-Rock,8495.fused.full.npy.gz
Indie-Rock,47441.fused.full.npy.gz
Indie-Rock,8460.fused.full.npy.gz
Indie-Rock,48252.fused.full.npy.gz
Indie-Rock,36518.fused.full.npy.gz
Indie-Rock,26296.fused.full.npy.gz
Indie-Rock,11628.fused.full.npy.gz
Indie-Rock,17348.fused.full.npy.gz
Indie-Rock,14770.fused.full.npy.gz
Indie-Rock,26237.fused.full.npy.gz
Indie-Rock,67648.fused.full.npy.gz
Indie-Rock,17347.fused.full.npy.gz
Indie-Rock,4384.fused.full.npy.gz
Indie-Rock,52221.fused.full.npy.gz
Indie-Rock,82908.fused.full.npy.gz
Indie-Rock,37812.fused.full.npy.gz
Indie-Rock,14771.fused.full.npy.gz
Indie-Rock,26244.fused.full.npy.gz
Indie-Rock,15276.fused.full.npy.gz
Indie-Rock,33338.fused.full.npy.gz
Indie-Rock,17131.fused.full.npy.gz
Indie-Rock,58611.fused.full.npy.gz
Indie-Rock,25876.fused.full.npy.gz
Indie-Rock,34352.fused.full.npy.gz
Indie-Rock,34353.fused.full.npy.gz
Indie-Rock,27858.fused.full.npy.gz
Indie-Rock,74264.fused.full.npy.gz
Indie-Rock,21072.fused.full.npy.gz
Indie-Rock,24040.fused.full.npy.gz
Indie-Rock,15272.fused.full.npy.gz
Indie-Rock,49096.fused.full.npy.gz
Indie-Rock,27795.fused.full.npy.gz
Indie-Rock,41293.fused.full.npy.gz
Indie-Rock,30929.fused.full.npy.gz
Indie-Rock,18735.fused.full.npy.gz
Indie-Rock,47443.fused.full.npy.gz
Indie-Rock,15273.fused.full.npy.gz
Indie-Rock,21074.fused.full.npy.gz
Indie-Rock,33404.fused.full.npy.gz
Indie-Rock,41299.fused.full.npy.gz
Indie-Rock,5149.fused.full.npy.gz
Indie-Rock,24136.fused.full.npy.gz
Indie-Rock,17349.fused.full.npy.gz
Indie-Rock,6524.fused.full.npy.gz
Indie-Rock,14768.fused.full.npy.gz
Indie-Rock,11417.fused.full.npy.gz
Indie-Rock,11415.fused.full.npy.gz
Indie-Rock,24121.fused.full.npy.gz
Indie-Rock,21069.fused.full.npy.gz
Indie-Rock,12405.fused.full.npy.gz
Indie-Rock,11414.fused.full.npy.gz
Indie-Rock,63043.fused.full.npy.gz
Indie-Rock,14412.fused.full.npy.gz
Indie-Rock,64032.fused.full.npy.gz
Indie-Rock,3607.fused.full.npy.gz
Indie-Rock,36490.fused.full.npy.gz
Indie-Rock,47442.fused.full.npy.gz
Indie-Rock,45374.fused.full.npy.gz
Indie-Rock,30930.fused.full.npy.gz
Indie-Rock,12400.fused.full.npy.gz
Indie-Rock,4760.fused.full.npy.gz
Indie-Rock,36483.fused.full.npy.gz
Indie-Rock,34123.fused.full.npy.gz
Indie-Rock,13766.fused.full.npy.gz
Indie-Rock,33294.fused.full.npy.gz
Indie-Rock,19072.fused.full.npy.gz
Indie-Rock,3608.fused.full.npy.gz
Indie-Rock,33334.fused.full.npy.gz
Indie-Rock,34357.fused.full.npy.gz
Indie-Rock,18245.fused.full.npy.gz
Indie-Rock,49431.fused.full.npy.gz
Indie-Rock,91741.fused.full.npy.gz
Indie-Rock,6537.fused.full.npy.gz
Indie-Rock,21881.fused.full.npy.gz
Indie-Rock,11630.fused.full.npy.gz
Indie-Rock,5152.fused.full.npy.gz
Indie-Rock,42998.fused.full.npy.gz
Indie-Rock,33290.fused.full.npy.gz
Indie-Rock,64029.fused.full.npy.gz
Indie-Rock,36485.fused.full.npy.gz
Indie-Rock,41300.fused.full.npy.gz
Indie-Rock,49089.fused.full.npy.gz
Indie-Rock,41095.fused.full.npy.gz
Indie-Rock,40985.fused.full.npy.gz
Indie-Rock,15280.fused.full.npy.gz
Indie-Rock,21755.fused.full.npy.gz
Indie-Rock,40443.fused.full.npy.gz
Indie-Rock,82901.fused.full.npy.gz
Indie-Rock,37627.fused.full.npy.gz
Indie-Rock,43825.fused.full.npy.gz
Indie-Rock,40439.fused.full.npy.gz
Indie-Rock,5091.fused.full.npy.gz
Indie-Rock,12182.fused.full.npy.gz
Indie-Rock,36486.fused.full.npy.gz
Indie-Rock,20930.fused.full.npy.gz
Indie-Rock,122464.fused.full.npy.gz
International,35954.fused.full.npy.gz
International,9547.fused.full.npy.gz
International,35958.fused.full.npy.gz
International,5395.fused.full.npy.gz
International,16655.fused.full.npy.gz
International,44139.fused.full.npy.gz
International,20999.fused.full.npy.gz
International,39006.fused.full.npy.gz
International,117666.fused.full.npy.gz
International,6375.fused.full.npy.gz
International,19253.fused.full.npy.gz
International,6330.fused.full.npy.gz
International,115315.fused.full.npy.gz
International,6360.fused.full.npy.gz
International,97197.fused.full.npy.gz
International,3589.fused.full.npy.gz
International,22175.fused.full.npy.gz
International,18708.fused.full.npy.gz
International,42247.fused.full.npy.gz
International,8910.fused.full.npy.gz
International,114880.fused.full.npy.gz
International,8282.fused.full.npy.gz
International,34694.fused.full.npy.gz
International,24489.fused.full.npy.gz
International,42236.fused.full.npy.gz
International,19248.fused.full.npy.gz
International,34670.fused.full.npy.gz
International,44823.fused.full.npy.gz
International,47689.fused.full.npy.gz
International,6372.fused.full.npy.gz
International,34711.fused.full.npy.gz
International,28920.fused.full.npy.gz
International,34672.fused.full.npy.gz
International,31338.fused.full.npy.gz
International,35960.fused.full.npy.gz
International,1685.fused.full.npy.gz
International,33071.fused.full.npy.gz
International,30978.fused.full.npy.gz
International,48525.fused.full.npy.gz
International,17637.fused.full.npy.gz
International,38779.fused.full.npy.gz
International,16653.fused.full.npy.gz
International,97613.fused.full.npy.gz
International,20997.fused.full.npy.gz
International,16674.fused.full.npy.gz
International,28845.fused.full.npy.gz
International,9548.fused.full.npy.gz
International,19597.fused.full.npy.gz
International,35953.fused.full.npy.gz
International,117669.fused.full.npy.gz
International,22310.fused.full.npy.gz
International,8911.fused.full.npy.gz
International,96998.fused.full.npy.gz
International,31361.fused.full.npy.gz
International,23156.fused.full.npy.gz
International,25758.fused.full.npy.gz
International,25221.fused.full.npy.gz
International,31363.fused.full.npy.gz
International,39055.fused.full.npy.gz
International,48494.fused.full.npy.gz
International,853.fused.full.npy.gz
International,17636.fused.full.npy.gz
International,34706.fused.full.npy.gz
International,1686.fused.full.npy.gz
International,23183.fused.full.npy.gz
International,28934.fused.full.npy.gz
International,35950.fused.full.npy.gz
International,16651.fused.full.npy.gz
International,47694.fused.full.npy.gz
International,17631.fused.full.npy.gz
International,6390.fused.full.npy.gz
International,35951.fused.full.npy.gz
International,25223.fused.full.npy.gz
International,5397.fused.full.npy.gz
International,8908.fused.full.npy.gz
International,41585.fused.full.npy.gz
International,6388.fused.full.npy.gz
International,41590.fused.full.npy.gz
International,44155.fused.full.npy.gz
International,42234.fused.full.npy.gz
International,31357.fused.full.npy.gz
International,16750.fused.full.npy.gz
International,35952.fused.full.npy.gz
International,20433.fused.full.npy.gz
International,22161.fused.full.npy.gz
International,23181.fused.full.npy.gz
International,22158.fused.full.npy.gz
International,30975.fused.full.npy.gz
International,3587.fused.full.npy.gz
International,22155.fused.full.npy.gz
International,16650.fused.full.npy.gz
International,30987.fused.full.npy.gz
International,18709.fused.full.npy.gz
International,34705.fused.full.npy.gz
International,25224.fused.full.npy.gz
International,23158.fused.full.npy.gz
International,1681.fused.full.npy.gz
International,20998.fused.full.npy.gz
International,117668.fused.full.npy.gz
International,35955.fused.full.npy.gz
International,25226.fused.full.npy.gz
International,28931.fused.full.npy.gz
International,34660.fused.full.npy.gz
International,17634.fused.full.npy.gz
International,16748.fused.full.npy.gz
International,43241.fused.full.npy.gz
International,19255.fused.full.npy.gz
International,6374.fused.full.npy.gz
International,3599.fused.full.npy.gz
International,18710.fused.full.npy.gz
International,6369.fused.full.npy.gz
International,6342.fused.full.npy.gz
International,42246.fused.full.npy.gz
International,23155.fused.full.npy.gz
International,34665.fused.full.npy.gz
International,42232.fused.full.npy.gz
International,114883.fused.full.npy.gz
International,8909.fused.full.npy.gz
International,3586.fused.full.npy.gz
International,117670.fused.full.npy.gz
International,19595.fused.full.npy.gz
International,1689.fused.full.npy.gz
International,42243.fused.full.npy.gz
International,6389.fused.full.npy.gz
International,97195.fused.full.npy.gz
International,34707.fused.full.npy.gz
International,19250.fused.full.npy.gz
International,23182.fused.full.npy.gz
International,6376.fused.full.npy.gz
International,38775.fused.full.npy.gz
International,8281.fused.full.npy.gz
International,4517.fused.full.npy.gz
International,38777.fused.full.npy.gz
International,19596.fused.full.npy.gz
International,117667.fused.full.npy.gz
International,44154.fused.full.npy.gz
International,6363.fused.full.npy.gz
International,25216.fused.full.npy.gz
International,39004.fused.full.npy.gz
International,3588.fused.full.npy.gz
International,35957.fused.full.npy.gz
International,31340.fused.full.npy.gz
International,17583.fused.full.npy.gz
International,42245.fused.full.npy.gz
International,1082.fused.full.npy.gz
International,1687.fused.full.npy.gz
International,8913.fused.full.npy.gz
International,8907.fused.full.npy.gz
International,42238.fused.full.npy.gz
International,27612.fused.full.npy.gz
International,39002.fused.full.npy.gz
International,5915.fused.full.npy.gz
International,6364.fused.full.npy.gz
International,41587.fused.full.npy.gz
International,19594.fused.full.npy.gz
International,26705.fused.full.npy.gz
International,1680.fused.full.npy.gz
International,23174.fused.full.npy.gz
International,24488.fused.full.npy.gz
International,19599.fused.full.npy.gz
Jazz,50336.fused.full.npy.gz
Jazz,39174.fused.full.npy.gz
Jazz,15530.fused.full.npy.gz
Jazz,51322.fused.full.npy.gz
Jazz,81382.fused.full.npy.gz
Jazz,35459.fused.full.npy.gz
Jazz,32442.fused.full.npy.gz
Jazz,112358.fused.full.npy.gz
Jazz,39554.fused.full.npy.gz
Jazz,36234.fused.full.npy.gz
Jazz,39552.fused.full.npy.gz
Jazz,25405.fused.full.npy.gz
Jazz,33320.fused.full.npy.gz
Jazz,43530.fused.full.npy.gz
Jazz,27284.fused.full.npy.gz
Jazz,72384.fused.full.npy.gz
Jazz,47035.fused.full.npy.gz
Jazz,14288.fused.full.npy.gz
Jazz,26529.fused.full.npy.gz
Jazz,39553.fused.full.npy.gz
Jazz,28088.fused.full.npy.gz
Jazz,33575.fused.full.npy.gz
Jazz,27287.fused.full.npy.gz
Jazz,237.fused.full.npy.gz
Jazz,50371.fused.full.npy.gz
Jazz,18256.fused.full.npy.gz
Jazz,35455.fused.full.npy.gz
Jazz,33152.fused.full.npy.gz
Jazz,43085.fused.full.npy.gz
Jazz,24409.fused.full.npy.gz
Jazz,49729.fused.full.npy.gz
Jazz,32672.fused.full.npy.gz
Jazz,17441.fused.full.npy.gz
Jazz,51320.fused.full.npy.gz
Jazz,32817.fused.full.npy.gz
Jazz,14060.fused.full.npy.gz
Jazz,27280.fused.full.npy.gz
Jazz,17440.fused.full.npy.gz
Jazz,33530.fused.full.npy.gz
Jazz,39586.fused.full.npy.gz
Jazz,17547.fused.full.npy.gz
Jazz,14694.fused.full.npy.gz
Jazz,48188.fused.full.npy.gz
Jazz,17442.fused.full.npy.gz
Jazz,68341.fused.full.npy.gz
Jazz,36113.fused.full.npy.gz
Jazz,11577.fused.full.npy.gz
Jazz,36116.fused.full.npy.gz
Jazz,28462.fused.full.npy.gz
Jazz,32820.fused.full.npy.gz
Jazz,47039.fused.full.npy.gz
Jazz,43083.fused.full.npy.gz
Jazz,47710.fused.full.npy.gz
Jazz,72389.fused.full.npy.gz
Jazz,39539.fused.full.npy.gz
Jazz,18258.fused.full.npy.gz
Jazz,32674.fused.full.npy.gz
Jazz,12022.fused.full.npy.gz
Jazz,32443.fused.full.npy.gz
Jazz,39175.fused.full.npy.gz
Jazz,145.fused.full.npy.gz
Jazz,28451.fused.full.npy.gz
Jazz,6967.fused.full.npy.gz
Jazz,30635.fused.full.npy.gz
Jazz,8580.fused.full.npy.gz
Jazz,39173.fused.full.npy.gz
Jazz,36112.fused.full.npy.gz
Jazz,39579.fused.full.npy.gz
Jazz,26534.fused.full.npy.gz
Jazz,20452.fused.full.npy.gz
Jazz,41511.fused.full.npy.gz
Jazz,18782.fused.full.npy.gz
Jazz,28460.fused.full.npy.gz
Jazz,112279.fused.full.npy.gz
Jazz,33651.fused.full.npy.gz
Jazz,26532.fused.full.npy.gz
Jazz,18655.fused.full.npy.gz
Jazz,25401.fused.full.npy.gz
Jazz,50367.fused.full.npy.gz
Jazz,11580.fused.full.npy.gz
Jazz,13323.fused.full.npy.gz
Jazz,27292.fused.full.npy.gz
Jazz,47712.fused.full.npy.gz
Jazz,43084.fused.full.npy.gz
Jazz,14284.fused.full.npy.gz
Jazz,41510.fused.full.npy.gz
Jazz,14289.fused.full.npy.gz
Jazz,54715.fused.full.npy.gz
Jazz,27293.fused.full.npy.gz
Jazz,39587.fused.full.npy.gz
Jazz,47711.fused.full.npy.gz
Jazz,48201.fused.full.npy.gz
Jazz,39585.fused.full.npy.gz
Jazz,27288.fused.full.npy.gz
Jazz,48199.fused.full.npy.gz
Jazz,32671.fused.full.npy.gz
Jazz,48174.fused.full.npy.gz
Jazz,4705.fused.full.npy.gz
Jazz,39551.fused.full.npy.gz
Jazz,28461.fused.full.npy.gz
Jazz,112356.fused.full.npy.gz
Jazz,81387.fused.full.npy.gz
Jazz,43531.fused.full.npy.gz
Jazz,39557.fused.full.npy.gz
Jazz,32888.fused.full.npy.gz
Jazz,81381.fused.full.npy.gz
Jazz,47755.fused.full.npy.gz
Jazz,24269.fused.full.npy.gz
Jazz,17822.fused.full.npy.gz
Jazz,11578.fused.full.npy.gz
Jazz,18651.fused.full.npy.gz
Jazz,39168.fused.full.npy.gz
Jazz,46581.fused.full.npy.gz
Jazz,50369.fused.full.npy.gz
Jazz,28606.fused.full.npy.gz
Jazz,36117.fused.full.npy.gz
Jazz,28087.fused.full.npy.gz
Jazz,28607.fused.full.npy.gz
Jazz,62852.fused.full.npy.gz
Jazz,14286.fused.full.npy.gz
Jazz,39541.fused.full.npy.gz
Jazz,27282.fused.full.npy.gz
Jazz,39556.fused.full.npy.gz
Jazz,25400.fused.full.npy.gz
Jazz,41509.fused.full.npy.gz
Jazz,30290.fused.full.npy.gz
Jazz,28089.fused.full.npy.gz
Jazz,15529.fused.full.npy.gz
Jazz,32891.fused.full.npy.gz
Jazz,112365.fused.full.npy.gz
Jazz,11579.fused.full.npy.gz
Jazz,23071.fused.full.npy.gz
Jazz,25404.fused.full.npy.gz
Jazz,17552.fused.full.npy.gz
Jazz,10975.fused.full.npy.gz
Jazz,47774.fused.full.npy.gz
Jazz,15738.fused.full.npy.gz
Jazz,14281.fused.full.npy.gz
Jazz,112357.fused.full.npy.gz
Jazz,39172.fused.full.npy.gz
Jazz,112285.fused.full.npy.gz
Jazz,72385.fused.full.npy.gz
Jazz,28463.fused.full.npy.gz
Jazz,24823.fused.full.npy.gz
Jazz,18646.fused.full.npy.gz
Jazz,51321.fused.full.npy.gz
Jazz,31053.fused.full.npy.gz
Jazz,36232.fused.full.npy.gz
Jazz,81368.fused.full.npy.gz
Jazz,23072.fused.full.npy.gz
Jazz,25406.fused.full.npy.gz
Jazz,86127.fused.full.npy.gz
Jazz,28594.fused.full.npy.gz
Jazz,45559.fused.full.npy.gz
Jazz,32896.fused.full.npy.gz
Jazz,31152.fused.full.npy.gz
Jazz,36115.fused.full.npy.gz
Jazz,35256.fused.full.npy.gz
Jazz,32444.fused.full.npy.gz
Jazz,23078.fused.full.npy.gz
Metal,44275.fused.full.npy.gz
Metal,48832.fused.full.npy.gz
Metal,44207.fused.full.npy.gz
Metal,7780.fused.full.npy.gz
Metal,7778.fused.full.npy.gz
Metal,19997.fused.full.npy.gz
Metal,44279.fused.full.npy.gz
Metal,48834.fused.full.npy.gz
Metal,75238.fused.full.npy.gz
Metal,12612.fused.full.npy.gz
Metal,12611.fused.full.npy.gz
Metal,44196.fused.full.npy.gz
Metal,29936.fused.full.npy.gz
Metal,7777.fused.full.npy.gz
Metal,32459.fused.full.npy.gz
Metal,6716.fused.full.npy.gz
Metal,25237.fused.full.npy.gz
Metal,25236.fused.full.npy.gz
Metal,3727.fused.full.npy.gz
Metal,31255.fused.full.npy.gz
Metal,12609.fused.full.npy.gz
Metal,115764.fused.full.npy.gz
Metal,49745.fused.full.npy.gz
Metal,46630.fused.full.npy.gz
Metal,19645.fused.full.npy.gz
Metal,40131.fused.full.npy.gz
Metal,36729.fused.full.npy.gz
Metal,44198.fused.full.npy.gz
Metal,36735.fused.full.npy.gz
Metal,6715.fused.full.npy.gz
Metal,19999.fused.full.npy.gz
Metal,32461.fused.full.npy.gz
Metal,50753.fused.full.npy.gz
Metal,46134.fused.full.npy.gz
Metal,112313.fused.full.npy.gz
Metal,36740.fused.full.npy.gz
Metal,124186.fused.full.npy.gz
Metal,19644.fused.full.npy.gz
Metal,44204.fused.full.npy.gz
Metal,48833.fused.full.npy.gz
Metal,47503.fused.full.npy.gz
Metal,1018.fused.full.npy.gz
Metal,36736.fused.full.npy.gz
Metal,63472.fused.full.npy.gz
Metal,36742.fused.full.npy.gz
Metal,25238.fused.full.npy.gz
Metal,43013.fused.full.npy.gz
Metal,47501.fused.full.npy.gz
Metal,44284.fused.full.npy.gz
Metal,36726.fused.full.npy.gz
Metal,47502.fused.full.npy.gz
Metal,50754.fused.full.npy.gz
Metal,37146.fused.full.npy.gz
Metal,44195.fused.full.npy.gz
Metal,114198.fused.full.npy.gz
Metal,36717.fused.full.npy.gz
Metal,24495.fused.full.npy.gz
Metal,44281.fused.full.npy.gz
Metal,112314.fused.full.npy.gz
Metal,44199.fused.full.npy.gz
Metal,12614.fused.full.npy.gz
Metal,40133.fused.full.npy.gz
Metal,44201.fused.full.npy.gz
Metal,31254.fused.full.npy.gz
Metal,26787.fused.full.npy.gz
Metal,6719.fused.full.npy.gz
Metal,114201.fused.full.npy.gz
Metal,36732.fused.full.npy.gz
Metal,124185.fused.full.npy.gz
Metal,36721.fused.full.npy.gz
Metal,29932.fused.full.npy.gz
Metal,1017.fused.full.npy.gz
Metal,115765.fused.full.npy.gz
Metal,19647.fused.full.npy.gz
Metal,36743.fused.full.npy.gz
Metal,36725.fused.full.npy.gz
Metal,63468.fused.full.npy.gz
Metal,32458.fused.full.npy.gz
Metal,37329.fused.full.npy.gz
Metal,6717.fused.full.npy.gz
Metal,44202.fused.full.npy.gz
Metal,124184.fused.full.npy.gz
Metal,48831.fused.full.npy.gz
Metal,36741.fused.full.npy.gz
Metal,44278.fused.full.npy.gz
Metal,19996.fused.full.npy.gz
Metal,44203.fused.full.npy.gz
Metal,115761.fused.full.npy.gz
Metal,50752.fused.full.npy.gz
Metal,1016.fused.full.npy.gz
Metal,18813.fused.full.npy.gz
Metal,40134.fused.full.npy.gz
Metal,36745.fused.full.npy.gz
Metal,13595.fused.full.npy.gz
Metal,47499.fused.full.npy.gz
Metal,32460.fused.full.npy.gz
Metal,7782.fused.full.npy.gz
Metal,257.fused.full.npy.gz
Metal,112315.fused.full.npy.gz
Metal,37330.fused.full.npy.gz
Metal,44287.fused.full.npy.gz
Metal,36723.fused.full.npy.gz
Metal,37147.fused.full.npy.gz
Metal,19649.fused.full.npy.gz
Metal,1015.fused.full.npy.gz
Metal,44277.fused.full.npy.gz
Metal,63469.fused.full.npy.gz
Metal,36738.fused.full.npy.gz
Metal,6718.fused.full.npy.gz
Metal,37143.fused.full.npy.gz
Metal,50270.fused.full.npy.gz
Metal,31253.fused.full.npy.gz
Metal,19646.fused.full.npy.gz
Metal,36724.fused.full.npy.gz
Metal,12607.fused.full.npy.gz
Metal,36722.fused.full.npy.gz
Metal,36746.fused.full.npy.gz
Metal,19998.fused.full.npy.gz
Metal,40132.fused.full.npy.gz
Metal,115766.fused.full.npy.gz
Metal,112318.fused.full.npy.gz
Metal,36718.fused.full.npy.gz
Metal,7779.fused.full.npy.gz
Metal,44194.fused.full.npy.gz
Metal,29937.fused.full.npy.gz
Metal,49743.fused.full.npy.gz
Metal,112316.fused.full.npy.gz
Metal,20002.fused.full.npy.gz
Metal,44286.fused.full.npy.gz
Metal,46135.fused.full.npy.gz
Metal,31257.fused.full.npy.gz
Metal,36731.fused.full.npy.gz
Metal,46812.fused.full.npy.gz
Metal,36733.fused.full.npy.gz
Metal,48367.fused.full.npy.gz
Metal,12608.fused.full.npy.gz
Metal,12610.fused.full.npy.gz
Metal,75239.fused.full.npy.gz
Metal,46137.fused.full.npy.gz
Metal,41872.fused.full.npy.gz
Metal,7781.fused.full.npy.gz
Metal,114200.fused.full.npy.gz
Metal,44197.fused.full.npy.gz
Metal,115763.fused.full.npy.gz
Metal,36739.fused.full.npy.gz
Metal,46082.fused.full.npy.gz
Metal,47500.fused.full.npy.gz
Metal,1014.fused.full.npy.gz
Metal,44276.fused.full.npy.gz
Metal,37331.fused.full.npy.gz
Metal,44206.fused.full.npy.gz
Metal,48368.fused.full.npy.gz
Metal,29933.fused.full.npy.gz
Old-Time,20181.fused.full.npy.gz
Old-Time,61894.fused.full.npy.gz
Old-Time,5044.fused.full.npy.gz
Old-Time,5028.fused.full.npy.gz
Old-Time,10090.fused.full.npy.gz
Old-Time,25149.fused.full.npy.gz
Old-Time,5016.fused.full.npy.gz
Old-Time,20199.fused.full.npy.gz
Old-Time,16432.fused.full.npy.gz
Old-Time,19607.fused.full.npy.gz
Old-Time,10093.fused.full.npy.gz
Old-Time,10096.fused.full.npy.gz
Old-Time,25148.fused.full.npy.gz
Old-Time,18691.fused.full.npy.gz
Old-Time,25180.fused.full.npy.gz
Old-Time,19589.fused.full.npy.gz
Old-Time,40553.fused.full.npy.gz
Old-Time,24547.fused.full.npy.gz
Old-Time,5035.fused.full.npy.gz
Old-Time,27475.fused.full.npy.gz
Old-Time,14627.fused.full.npy.gz
Old-Time,5011.fused.full.npy.gz
Old-Time,18690.fused.full.npy.gz
Old-Time,10087.fused.full.npy.gz
Old-Time,20157.fused.full.npy.gz
Old-Time,16394.fused.full.npy.gz
Old-Time,18024.fused.full.npy.gz
Old-Time,18713.fused.full.npy.gz
Old-Time,5042.fused.full.npy.gz
Old-Time,122545.fused.full.npy.gz
Old-Time,16376.fused.full.npy.gz
Old-Time,5009.fused.full.npy.gz
Old-Time,20200.fused.full.npy.gz
Old-Time,40549.fused.full.npy.gz
Old-Time,16377.fused.full.npy.gz
Old-Time,40554.fused.full.npy.gz
Old-Time,19609.fused.full.npy.gz
Old-Time,20092.fused.full.npy.gz
Old-Time,16390.fused.full.npy.gz
Old-Time,31126.fused.full.npy.gz
Old-Time,19584.fused.full.npy.gz
Old-Time,40556.fused.full.npy.gz
Old-Time,20154.fused.full.npy.gz
Old-Time,40555.fused.full.npy.gz
Old-Time,16403.fused.full.npy.gz
Old-Time,5040.fused.full.npy.gz
Old-Time,18002.fused.full.npy.gz
Old-Time,21136.fused.full.npy.gz
Old-Time,10094.fused.full.npy.gz
Old-Time,19587.fused.full.npy.gz
Old-Time,16383.fused.full.npy.gz
Old-Time,25153.fused.full.npy.gz
Old-Time,31148.fused.full.npy.gz
Old-Time,19590.fused.full.npy.gz
Old-Time,19629.fused.full.npy.gz
Old-Time,31149.fused.full.npy.gz
Old-Time,10365.fused.full.npy.gz
Old-Time,5034.fused.full.npy.gz
Old-Time,5025.fused.full.npy.gz
Old-Time,25154.fused.full.npy.gz
Old-Time,123678.fused.full.npy.gz
Old-Time,16422.fused.full.npy.gz
Old-Time,19588.fused.full.npy.gz
Old-Time,18712.fused.full.npy.gz
Old-Time,20749.fused.full.npy.gz
Old-Time,18025.fused.full.npy.gz
Old-Time,40567.fused.full.npy.gz
Old-Time,20084.fused.full.npy.gz
Old-Time,16428.fused.full.npy.gz
Old-Time,19603.fused.full.npy.gz
Old-Time,10367.fused.full.npy.gz
Old-Time,21134.fused.full.npy.gz
Old-Time,17995.fused.full.npy.gz
Old-Time,10368.fused.full.npy.gz
Old-Time,20204.fused.full.npy.gz
Old-Time,10089.fused.full.npy.gz
Old-Time,39183.fused.full.npy.gz
Old-Time,40557.fused.full.npy.gz
Old-Time,25176.fused.full.npy.gz
Old-Time,27471.fused.full.npy.gz
Old-Time,20137.fused.full.npy.gz
Old-Time,18013.fused.full.npy.gz
Old-Time,18004.fused.full.npy.gz
Old-Time,20155.fused.full.npy.gz
Old-Time,19586.fused.full.npy.gz
Old-Time,25151.fused.full.npy.gz
Old-Time,20091.fused.full.npy.gz
Old-Time,39177.fused.full.npy.gz
Old-Time,19583.fused.full.npy.gz
Old-Time,25140.fused.full.npy.gz
Old-Time,25147.fused.full.npy.gz
Old-Time,19621.fused.full.npy.gz
Old-Time,24551.fused.full.npy.gz
Old-Time,5026.fused.full.npy.gz
Old-Time,10358.fused.full.npy.gz
Old-Time,19591.fused.full.npy.gz
Old-Time,5032.fused.full.npy.gz
Old-Time,31150.fused.full.npy.gz
Old-Time,31132.fused.full.npy.gz
Old-Time,18028.fused.full.npy.gz
Old-Time,123682.fused.full.npy.gz
Old-Time,30390.fused.full.npy.gz
Old-Time,16406.fused.full.npy.gz
Old-Time,20166.fused.full.npy.gz
Old-Time,19632.fused.full.npy.gz
Old-Time,12856.fused.full.npy.gz
Old-Time,47321.fused.full.npy.gz
Old-Time,5029.fused.full.npy.gz
Old-Time,50140.fused.full.npy.gz
Old-Time,20095.fused.full.npy.gz
Old-Time,30388.fused.full.npy.gz
Old-Time,20134.fused.full.npy.gz
Old-Time,40564.fused.full.npy.gz
Old-Time,5036.fused.full.npy.gz
Old-Time,20734.fused.full.npy.gz
Old-Time,31127.fused.full.npy.gz
Old-Time,20733.fused.full.npy.gz
Old-Time,47320.fused.full.npy.gz
Old-Time,5041.fused.full.npy.gz
Old-Time,5043.fused.full.npy.gz
Old-Time,20202.fused.full.npy.gz
Old-Time,20201.fused.full.npy.gz
Old-Time,20093.fused.full.npy.gz
Old-Time,16429.fused.full.npy.gz
Old-Time,19605.fused.full.npy.gz
Old-Time,10364.fused.full.npy.gz
Old-Time,10104.fused.full.npy.gz
Old-Time,16379.fused.full.npy.gz
Old-Time,21991.fused.full.npy.gz
Old-Time,16424.fused.full.npy.gz
Old-Time,20741.fused.full.npy.gz
Old-Time,20089.fused.full.npy.gz
Old-Time,123380.fused.full.npy.gz
Old-Time,16431.fused.full.npy.gz
Old-Time,18018.fused.full.npy.gz
Old-Time,20163.fused.full.npy.gz
Old-Time,30393.fused.full.npy.gz
Old-Time,40551.fused.full.npy.gz
Old-Time,20086.fused.full.npy.gz
Old-Time,10088.fused.full.npy.gz
Old-Time,24545.fused.full.npy.gz
Old-Time,16380.fused.full.npy.gz
Old-Time,20729.fused.full.npy.gz
Old-Time,16385.fused.full.npy.gz
Old-Time,24550.fused.full.npy.gz
Old-Time,40558.fused.full.npy.gz
Old-Time,50138.fused.full.npy.gz
Old-Time,16365.fused.full.npy.gz
Old-Time,25172.fused.full.npy.gz
Old-Time,16392.fused.full.npy.gz
Old-Time,122543.fused.full.npy.gz
Old-Time,18020.fused.full.npy.gz
Old-Time,20731.fused.full.npy.gz
Old-Time,20730.fused.full.npy.gz
Old-Time,19593.fused.full.npy.gz
Old-Time,20732.fused.full.npy.gz
Old-Time,30394.fused.full.npy.gz
Old-Time,18007.fused.full.npy.gz
Old-Time,49363.fused.full.npy.gz
Old-Time,31128.fused.full.npy.gz
Pop,28310.fused.full.npy.gz
Pop,19573.fused.full.npy.gz
Pop,37603.fused.full.npy.gz
Pop,12188.fused.full.npy.gz
Pop,16897.fused.full.npy.gz
Pop,54166.fused.full.npy.gz
Pop,11199.fused.full.npy.gz
Pop,46683.fused.full.npy.gz
Pop,44798.fused.full.npy.gz
Pop,48617.fused.full.npy.gz
Pop,5191.fused.full.npy.gz
Pop,30607.fused.full.npy.gz
Pop,30609.fused.full.npy.gz
Pop,44071.fused.full.npy.gz
Pop,57298.fused.full.npy.gz
Pop,97134.fused.full.npy.gz
Pop,13329.fused.full.npy.gz
Pop,97140.fused.full.npy.gz
Pop,66149.fused.full.npy.gz
Pop,41564.fused.full.npy.gz
Pop,85426.fused.full.npy.gz
Pop,35907.fused.full.npy.gz
Pop,32334.fused.full.npy.gz
Pop,847.fused.full.npy.gz
Pop,12186.fused.full.npy.gz
Pop,66151.fused.full.npy.gz
Pop,65755.fused.full.npy.gz
Pop,32343.fused.full.npy.gz
Pop,47666.fused.full.npy.gz
Pop,51330.fused.full.npy.gz
Pop,20556.fused.full.npy.gz
Pop,85420.fused.full.npy.gz
Pop,39422.fused.full.npy.gz
Pop,50451.fused.full.npy.gz
Pop,3768.fused.full.npy.gz
Pop,84984.fused.full.npy.gz
Pop,30613.fused.full.npy.gz
Pop,13379.fused.full.npy.gz
Pop,56507.fused.full.npy.gz
Pop,5189.fused.full.npy.gz
Pop,10809.fused.full.npy.gz
Pop,16666.fused.full.npy.gz
Pop,18590.fused.full.npy.gz
Pop,10805.fused.full.npy.gz
Pop,44797.fused.full.npy.gz
Pop,44408.fused.full.npy.gz
Pop,54167.fused.full.npy.gz
Pop,85956.fused.full.npy.gz
Pop,46732.fused.full.npy.gz
Pop,16107.fused.full.npy.gz
Pop,87324.fused.full.npy.gz
Pop,32346.fused.full.npy.gz
Pop,15090.fused.full.npy.gz
Pop,57304.fused.full.npy.gz
Pop,50729.fused.full.npy.gz
Pop,28319.fused.full.npy.gz
Pop,32522.fused.full.npy.gz
Pop,39428.fused.full.npy.gz
Pop,49596.fused.full.npy.gz
Pop,39657.fused.full.npy.gz
Pop,5190.fused.full.npy.gz
Pop,11049.fused.full.npy.gz
Pop,87190.fused.full.npy.gz
Pop,49595.fused.full.npy.gz
Pop,50457.fused.full.npy.gz
Pop,22078.fused.full.npy.gz
Pop,105017.fused.full.npy.gz
Pop,16116.fused.full.npy.gz
Pop,7828.fused.full.npy.gz
Pop,119239.fused.full.npy.gz
Pop,73958.fused.full.npy.gz
Pop,19442.fused.full.npy.gz
Pop,32331.fused.full.npy.gz
Pop,50456.fused.full.npy.gz
Pop,1648.fused.full.npy.gz
Pop,21304.fused.full.npy.gz
Pop,51265.fused.full.npy.gz
Pop,50731.fused.full.npy.gz
Pop,12637.fused.full.npy.gz
Pop,85954.fused.full.npy.gz
Pop,49691.fused.full.npy.gz
Pop,44065.fused.full.npy.gz
Pop,64008.fused.full.npy.gz
Pop,21878.fused.full.npy.gz
Pop,20554.fused.full.npy.gz
Pop,49900.fused.full.npy.gz
Pop,36962.fused.full.npy.gz
Pop,28322.fused.full.npy.gz
Pop,49902.fused.full.npy.gz
Pop,84991.fused.full.npy.gz
Pop,24043.fused.full.npy.gz
Pop,39429.fused.full.npy.gz
Pop,46733.fused.full.npy.gz
Pop,59915.fused.full.npy.gz
Pop,84985.fused.full.npy.gz
Pop,92260.fused.full.npy.gz
Pop,13364.fused.full.npy.gz
Pop,44795.fused.full.npy.gz
Pop,85428.fused.full.npy.gz
Pop,21651.fused.full.npy.gz
Pop,7827.fused.full.npy.gz
Pop,40933.fused.full.npy.gz
Pop,31611.fused.full.npy.gz
Pop,51272.fused.full.npy.gz
Pop,41559.fused.full.npy.gz
Pop,46662.fused.full.npy.gz
Pop,84988.fused.full.npy.gz
Pop,21145.fused.full.npy.gz
Pop,49899.fused.full.npy.gz
Pop,12187.fused.full.npy.gz
Pop,99565.fused.full.npy.gz
Pop,50458.fused.full.npy.gz
Pop,97144.fused.full.npy.gz
Pop,30608.fused.full.npy.gz
Pop,71831.fused.full.npy.gz
Pop,56504.fused.full.npy.gz
Pop,71830.fused.full.npy.gz
Pop,38429.fused.full.npy.gz
Pop,30020.fused.full.npy.gz
Pop,48620.fused.full.npy.gz
Pop,9344.fused.full.npy.gz
Pop,105010.fused.full.npy.gz
Pop,5623.fused.full.npy.gz
Pop,32337.fused.full.npy.gz
Pop,50464.fused.full.npy.gz
Pop,24044.fused.full.npy.gz
Pop,6878.fused.full.npy.gz
Pop,77577.fused.full.npy.gz
Pop,64883.fused.full.npy.gz
Pop,21061.fused.full.npy.gz
Pop,30028.fused.full.npy.gz
Pop,34687.fused.full.npy.gz
Pop,31609.fused.full.npy.gz
Pop,30031.fused.full.npy.gz
Pop,97142.fused.full.npy.gz
Pop,40581.fused.full.npy.gz
Pop,47665.fused.full.npy.gz
Pop,50480.fused.full.npy.gz
Pop,41560.fused.full.npy.gz
Pop,15955.fused.full.npy.gz
Pop,3772.fused.full.npy.gz
Pop,12502.fused.full.npy.gz
Pop,35605.fused.full.npy.gz
Pop,28315.fused.full.npy.gz
Pop,50727.fused.full.npy.gz
Pop,44060.fused.full.npy.gz
Pop,39427.fused.full.npy.gz
Pop,74689.fused.full.npy.gz
Pop,54920.fused.full.npy.gz
Pop,39424.fused.full.npy.gz
Pop,54165.fused.full.npy.gz
Pop,41562.fused.full.npy.gz
Pop,37604.fused.full.npy.gz
Pop,16117.fused.full.npy.gz
Pop,70911.fused.full.npy.gz
Pop,19572.fused.full.npy.gz
Pop,48619.fused.full.npy.gz
Pop,14686.fused.full.npy.gz
Pop,84986.fused.full.npy.gz
Pop,24046.fused.full.npy.gz
Post-Punk,7496.fused.full.npy.gz
Post-Punk,28803.fused.full.npy.gz
Post-Punk,49219.fused.full.npy.gz
Post-Punk,50405.fused.full.npy.gz
Post-Punk,4431.fused.full.npy.gz
Post-Punk,20447.fused.full.npy.gz
Post-Punk,343.fused.full.npy.gz
Post-Punk,46835.fused.full.npy.gz
Post-Punk,28918.fused.full.npy.gz
Post-Punk,364.fused.full.npy.gz
Post-Punk,20964.fused.full.npy.gz
Post-Punk,75202.fused.full.npy.gz
Post-Punk,356.fused.full.npy.gz
Post-Punk,20966.fused.full.npy.gz
Post-Punk,21189.fused.full.npy.gz
Post-Punk,104693.fused.full.npy.gz
Post-Punk,27021.fused.full.npy.gz
Post-Punk,21184.fused.full.npy.gz
Post-Punk,21187.fused.full.npy.gz
Post-Punk,21188.fused.full.npy.gz
Post-Punk,354.fused.full.npy.gz
Post-Punk,75209.fused.full.npy.gz
Post-Punk,28916.fused.full.npy.gz
Post-Punk,50407.fused.full.npy.gz
Post-Punk,27766.fused.full.npy.gz
Post-Punk,20444.fused.full.npy.gz
Post-Punk,358.fused.full.npy.gz
Post-Punk,7502.fused.full.npy.gz
Post-Punk,12581.fused.full.npy.gz
Post-Punk,4436.fused.full.npy.gz
Post-Punk,363.fused.full.npy.gz
Post-Punk,20961.fused.full.npy.gz
Post-Punk,305.fused.full.npy.gz
Post-Punk,342.fused.full.npy.gz
Post-Punk,4435.fused.full.npy.gz
Post-Punk,122246.fused.full.npy.gz
Post-Punk,50406.fused.full.npy.gz
Post-Punk,367.fused.full.npy.gz
Post-Punk,19497.fused.full.npy.gz
Post-Punk,57810.fused.full.npy.gz
Post-Punk,49441.fused.full.npy.gz
Post-Punk,49444.fused.full.npy.gz
Post-Punk,37322.fused.full.npy.gz
Post-Punk,57812.fused.full.npy.gz
Post-Punk,313.fused.full.npy.gz
Post-Punk,49442.fused.full.npy.gz
Post-Punk,304.fused.full.npy.gz
Post-Punk,19496.fused.full.npy.gz
Post-Punk,355.fused.full.npy.gz
Post-Punk,58602.fused.full.npy.gz
Post-Punk,331.fused.full.npy.gz
Post-Punk,4040.fused.full.npy.gz
Post-Punk,75207.fused.full.npy.gz
Post-Punk,50409.fused.full.npy.gz
Post-Punk,311.fused.full.npy.gz
Post-Punk,28917.fused.full.npy.gz
Post-Punk,19507.fused.full.npy.gz
Post-Punk,75200.fused.full.npy.gz
Post-Punk,75213.fused.full.npy.gz
Post-Punk,368.fused.full.npy.gz
Post-Punk,325.fused.full.npy.gz
Post-Punk,19509.fused.full.npy.gz
Post-Punk,351.fused.full.npy.gz
Post-Punk,21190.fused.full.npy.gz
Post-Punk,327.fused.full.npy.gz
Post-Punk,49443.fused.full.npy.gz
Post-Punk,344.fused.full.npy.gz
Post-Punk,19502.fused.full.npy.gz
Post-Punk,75206.fused.full.npy.gz
Post-Punk,4043.fused.full.npy.gz
Post-Punk,4432.fused.full.npy.gz
Post-Punk,20443.fused.full.npy.gz
Post-Punk,4045.fused.full.npy.gz
Post-Punk,316.fused.full.npy.gz
Post-Punk,49448.fused.full.npy.gz
Post-Punk,4433.fused.full.npy.gz
Post-Punk,20962.fused.full.npy.gz
Post-Punk,107477.fused.full.npy.gz
Post-Punk,104692.fused.full.npy.gz
Post-Punk,7500.fused.full.npy.gz
Post-Punk,365.fused.full.npy.gz
Post-Punk,107478.fused.full.npy.gz
Post-Punk,346.fused.full.npy.gz
Post-Punk,33280.fused.full.npy.gz
Post-Punk,312.fused.full.npy.gz
Post-Punk,49687.fused.full.npy.gz
Post-Punk,49222.fused.full.npy.gz
Post-Punk,19506.fused.full.npy.gz
Post-Punk,320.fused.full.npy.gz
Post-Punk,104690.fused.full.npy.gz
Post-Punk,75211.fused.full.npy.gz
Post-Punk,308.fused.full.npy.gz
Post-Punk,104695.fused.full.npy.gz
Post-Punk,359.fused.full.npy.gz
Post-Punk,352.fused.full.npy.gz
Post-Punk,75201.fused.full.npy.gz
Post-Punk,322.fused.full.npy.gz
Post-Punk,361.fused.full.npy.gz
Post-Punk,57807.fused.full.npy.gz
Post-Punk,333.fused.full.npy.gz
Post-Punk,4430.fused.full.npy.gz
Post-Punk,58599.fused.full.npy.gz
Post-Punk,57806.fused.full.npy.gz
Post-Punk,19504.fused.full.npy.gz
Post-Punk,349.fused.full.npy.gz
Post-Punk,28041.fused.full.npy.gz
Post-Punk,50563.fused.full.npy.gz
Post-Punk,338.fused.full.npy.gz
Post-Punk,7494.fused.full.npy.gz
Post-Punk,335.fused.full.npy.gz
Post-Punk,20965.fused.full.npy.gz
Post-Punk,20448.fused.full.npy.gz
Post-Punk,21193.fused.full.npy.gz
Post-Punk,75210.fused.full.npy.gz
Post-Punk,7498.fused.full.npy.gz
Post-Punk,328.fused.full.npy.gz
Post-Punk,321.fused.full.npy.gz
Post-Punk,4044.fused.full.npy.gz
Post-Punk,7493.fused.full.npy.gz
Post-Punk,19495.fused.full.npy.gz
Post-Punk,306.fused.full.npy.gz
Post-Punk,7503.fused.full.npy.gz
Post-Punk,341.fused.full.npy.gz
Post-Punk,4039.fused.full.npy.gz
Post-Punk,7495.fused.full.npy.gz
Post-Punk,75203.fused.full.npy.gz
Post-Punk,366.fused.full.npy.gz
Post-Punk,104691.fused.full.npy.gz
Post-Punk,19498.fused.full.npy.gz
Post-Punk,324.fused.full.npy.gz
Post-Punk,7497.fused.full.npy.gz
Post-Punk,75208.fused.full.npy.gz
Post-Punk,347.fused.full.npy.gz
Post-Punk,46808.fused.full.npy.gz
Post-Punk,57808.fused.full.npy.gz
Post-Punk,19499.fused.full.npy.gz
Post-Punk,19503.fused.full.npy.gz
Post-Punk,49213.fused.full.npy.gz
Post-Punk,7501.fused.full.npy.gz
Post-Punk,19508.fused.full.npy.gz
Post-Punk,49447.fused.full.npy.gz
Post-Punk,31976.fused.full.npy.gz
Post-Punk,58600.fused.full.npy.gz
Post-Punk,21191.fused.full.npy.gz
Post-Punk,336.fused.full.npy.gz
Post-Punk,330.fused.full.npy.gz
Post-Punk,49565.fused.full.npy.gz
Post-Punk,310.fused.full.npy.gz
Post-Punk,362.fused.full.npy.gz
Post-Punk,57813.fused.full.npy.gz
Post-Punk,75197.fused.full.npy.gz
Post-Punk,21192.fused.full.npy.gz
Post-Punk,4041.fused.full.npy.gz
Post-Punk,107474.fused.full.npy.gz
Post-Punk,360.fused.full.npy.gz
Post-Punk,309.fused.full.npy.gz
Post-Punk,20446.fused.full.npy.gz
Post-Punk,7499.fused.full.npy.gz
Post-Punk,4438.fused.full.npy.gz
Post-Punk,75212.fused.full.npy.gz
Post-Rock,29836.fused.full.npy.gz
Post-Rock,36192.fused.full.npy.gz
Post-Rock,49533.fused.full.npy.gz
Post-Rock,27228.fused.full.npy.gz
Post-Rock,13567.fused.full.npy.gz
Post-Rock,36189.fused.full.npy.gz
Post-Rock,47149.fused.full.npy.gz
Post-Rock,33903.fused.full.npy.gz
Post-Rock,116545.fused.full.npy.gz
Post-Rock,49531.fused.full.npy.gz
Post-Rock,27231.fused.full.npy.gz
Post-Rock,49532.fused.full.npy.gz
Post-Rock,33902.fused.full.npy.gz
Post-Rock,48523.fused.full.npy.gz
Post-Rock,49530.fused.full.npy.gz
Post-Rock,36187.fused.full.npy.gz
Post-Rock,36190.fused.full.npy.gz
Post-Rock,123824.fused.full.npy.gz
Post-Rock,42528.fused.full.npy.gz
Post-Rock,55712.fused.full.npy.gz
Post-Rock,45054.fused.full.npy.gz
Post-Rock,19637.fused.full.npy.gz
Post-Rock,45058.fused.full.npy.gz
Post-Rock,40993.fused.full.npy.gz
Post-Rock,42527.fused.full.npy.gz
Post-Rock,40992.fused.full.npy.gz
Post-Rock,66665.fused.full.npy.gz
Post-Rock,27230.fused.full.npy.gz
Post-Rock,19445.fused.full.npy.gz
Post-Rock,42532.fused.full.npy.gz
Post-Rock,33230.fused.full.npy.gz
Post-Rock,155.fused.full.npy.gz
Post-Rock,27226.fused.full.npy.gz
Post-Rock,47147.fused.full.npy.gz
Post-Rock,16061.fused.full.npy.gz
Post-Rock,108077.fused.full.npy.gz
Post-Rock,42311.fused.full.npy.gz
Post-Rock,27235.fused.full.npy.gz
Post-Rock,16063.fused.full.npy.gz
Post-Rock,123823.fused.full.npy.gz
Post-Rock,27233.fused.full.npy.gz
Post-Rock,123822.fused.full.npy.gz
Post-Rock,27227.fused.full.npy.gz
Post-Rock,29837.fused.full.npy.gz
Post-Rock,42531.fused.full.npy.gz
Post-Rock,48522.fused.full.npy.gz
Post-Rock,55718.fused.full.npy.gz
Post-Rock,110982.fused.full.npy.gz
Post-Rock,49537.fused.full.npy.gz
Post-Rock,46743.fused.full.npy.gz
Post-Rock,123563.fused.full.npy.gz
Post-Rock,33906.fused.full.npy.gz
Post-Rock,153.fused.full.npy.gz
Post-Rock,45059.fused.full.npy.gz
Post-Rock,24031.fused.full.npy.gz
Post-Rock,45060.fused.full.npy.gz
Post-Rock,55719.fused.full.npy.gz
Post-Rock,55710.fused.full.npy.gz
Post-Rock,42533.fused.full.npy.gz
Post-Rock,27788.fused.full.npy.gz
Post-Rock,42310.fused.full.npy.gz
Post-Rock,64567.fused.full.npy.gz
Post-Rock,116543.fused.full.npy.gz
Post-Rock,36191.fused.full.npy.gz
Post-Rock,27232.fused.full.npy.gz
Post-Rock,40991.fused.full.npy.gz
Post-Rock,42312.fused.full.npy.gz
Post-Rock,20755.fused.full.npy.gz
Post-Rock,27229.fused.full.npy.gz
Post-Rock,116547.fused.full.npy.gz
Post-Rock,116541.fused.full.npy.gz
Post-Rock,36077.fused.full.npy.gz
Post-Rock,27224.fused.full.npy.gz
Post-Rock,154.fused.full.npy.gz
Post-Rock,123821.fused.full.npy.gz
Post-Rock,110983.fused.full.npy.gz
Post-Rock,33901.fused.full.npy.gz
Post-Rock,55402.fused.full.npy.gz
Post-Rock,49127.fused.full.npy.gz
Post-Rock,42529.fused.full.npy.gz
Post-Rock,27787.fused.full.npy.gz
Post-Rock,110980.fused.full.npy.gz
Post-Rock,36188.fused.full.npy.gz
Post-Rock,36078.fused.full.npy.gz
Post-Rock,45056.fused.full.npy.gz
Post-Rock,55715.fused.full.npy.gz
Post-Rock,45055.fused.full.npy.gz
Post-Rock,24825.fused.full.npy.gz
Post-Rock,47145.fused.full.npy.gz
Post-Rock,55709.fused.full.npy.gz
Post-Rock,47146.fused.full.npy.gz
Post-Rock,49126.fused.full.npy.gz
Post-Rock,42534.fused.full.npy.gz
Post-Rock,116544.fused.full.npy.gz
Post-Rock,49536.fused.full.npy.gz
Psych-Folk,11523.fused.full.npy.gz
Psych-Folk,40428.fused.full.npy.gz
Psych-Folk,42652.fused.full.npy.gz
Psych-Folk,44788.fused.full.npy.gz
Psych-Folk,15364.fused.full.npy.gz
Psych-Folk,44783.fused.full.npy.gz
Psych-Folk,18160.fused.full.npy.gz
Psych-Folk,18157.fused.full.npy.gz
Psych-Folk,29480.fused.full.npy.gz
Psych-Folk,1544.fused.full.npy.gz
Psych-Folk,40063.fused.full.npy.gz
Psych-Folk,50713.fused.full.npy.gz
Psych-Folk,35738.fused.full.npy.gz
Psych-Folk,31465.fused.full.npy.gz
Psych-Folk,26464.fused.full.npy.gz
Psych-Folk,49730.fused.full.npy.gz
Psych-Folk,36338.fused.full.npy.gz
Psych-Folk,11525.fused.full.npy.gz
Psych-Folk,40064.fused.full.npy.gz
Psych-Folk,11522.fused.full.npy.gz
Psych-Folk,11530.fused.full.npy.gz
Psych-Folk,29459.fused.full.npy.gz
Psych-Folk,21706.fused.full.npy.gz
Psych-Folk,12350.fused.full.npy.gz
Psych-Folk,10941.fused.full.npy.gz
Psych-Folk,11533.fused.full.npy.gz
Psych-Folk,29474.fused.full.npy.gz
Psych-Folk,47629.fused.full.npy.gz
Psych-Folk,20211.fused.full.npy.gz
Psych-Folk,15037.fused.full.npy.gz
Psych-Folk,11534.fused.full.npy.gz
Psych-Folk,11520.fused.full.npy.gz
Psych-Folk,15363.fused.full.npy.gz
Psych-Folk,11517.fused.full.npy.gz
Psych-Folk,35742.fused.full.npy.gz
Psych-Folk,11531.fused.full.npy.gz
Psych-Folk,39738.fused.full.npy.gz
Psych-Folk,42469.fused.full.npy.gz
Psych-Folk,10800.fused.full.npy.gz
Psych-Folk,4068.fused.full.npy.gz
Psych-Folk,10794.fused.full.npy.gz
Psych-Folk,11516.fused.full.npy.gz
Psych-Folk,11518.fused.full.npy.gz
Psych-Folk,29478.fused.full.npy.gz
Psych-Folk,29467.fused.full.npy.gz
Psych-Folk,42650.fused.full.npy.gz
Psych-Folk,6404.fused.full.npy.gz
Psych-Folk,15886.fused.full.npy.gz
Psych-Folk,42468.fused.full.npy.gz
Psych-Folk,29470.fused.full.npy.gz
Psych-Folk,42466.fused.full.npy.gz
Psych-Folk,40427.fused.full.npy.gz
Psych-Folk,29472.fused.full.npy.gz
Psych-Folk,40424.fused.full.npy.gz
Psych-Folk,1545.fused.full.npy.gz
Psych-Folk,12355.fused.full.npy.gz
Psych-Folk,12353.fused.full.npy.gz
Psych-Folk,35740.fused.full.npy.gz
Psych-Folk,39757.fused.full.npy.gz
Psych-Folk,29473.fused.full.npy.gz
Psych-Folk,6407.fused.full.npy.gz
Psych-Folk,35744.fused.full.npy.gz
Psych-Folk,11536.fused.full.npy.gz
Psych-Folk,42464.fused.full.npy.gz
Psych-Folk,31463.fused.full.npy.gz
Psych-Folk,15885.fused.full.npy.gz
Psych-Folk,1540.fused.full.npy.gz
Psych-Folk,38711.fused.full.npy.gz
Psych-Folk,6406.fused.full.npy.gz
Psych-Folk,42472.fused.full.npy.gz
Psych-Folk,42658.fused.full.npy.gz
Psych-Folk,15882.fused.full.npy.gz
Psych-Folk,31353.fused.full.npy.gz
Psych-Folk,38709.fused.full.npy.gz
Psych-Folk,85965.fused.full.npy.gz
Psych-Folk,113531.fused.full.npy.gz
Psych-Folk,15357.fused.full.npy.gz
Psych-Folk,35734.fused.full.npy.gz
Psych-Folk,4069.fused.full.npy.gz
Psych-Folk,35737.fused.full.npy.gz
Psych-Folk,44786.fused.full.npy.gz
Psych-Folk,16037.fused.full.npy.gz
Psych-Folk,29457.fused.full.npy.gz
Psych-Folk,35736.fused.full.npy.gz
Psych-Folk,35746.fused.full.npy.gz
Psych-Folk,11532.fused.full.npy.gz
Psych-Folk,40065.fused.full.npy.gz
Psych-Folk,42471.fused.full.npy.gz
Psych-Folk,44790.fused.full.npy.gz
Psych-Folk,11529.fused.full.npy.gz
Psych-Folk,39672.fused.full.npy.gz
Psych-Folk,38714.fused.full.npy.gz
Psych-Folk,107515.fused.full.npy.gz
Psych-Folk,40422.fused.full.npy.gz
Psych-Folk,42654.fused.full.npy.gz
Psych-Folk,26467.fused.full.npy.gz
Psych-Folk,31355.fused.full.npy.gz
Psych-Folk,42649.fused.full.npy.gz
Psych-Folk,35743.fused.full.npy.gz
Psych-Folk,31464.fused.full.npy.gz
Psych-Folk,42653.fused.full.npy.gz
Psych-Folk,36342.fused.full.npy.gz
Psych-Folk,20210.fused.full.npy.gz
Psych-Folk,39744.fused.full.npy.gz
Psych-Folk,40426.fused.full.npy.gz
Psych-Folk,44785.fused.full.npy.gz
Psych-Folk,36339.fused.full.npy.gz
Psych-Folk,11538.fused.full.npy.gz
Psych-Folk,15365.fused.full.npy.gz
Psych-Folk,36340.fused.full.npy.gz
Psych-Folk,39673.fused.full.npy.gz
Psych-Folk,26466.fused.full.npy.gz
Psych-Folk,1541.fused.full.npy.gz
Psych-Folk,11526.fused.full.npy.gz
Psych-Folk,42467.fused.full.npy.gz
Psych-Folk,10799.fused.full.npy.gz
Psych-Folk,24658.fused.full.npy.gz
Psych-Folk,11514.fused.full.npy.gz
Psych-Folk,39743.fused.full.npy.gz
Psych-Folk,29458.fused.full.npy.gz
Psych-Folk,39742.fused.full.npy.gz
Psych-Folk,29475.fused.full.npy.gz
Psych-Folk,39752.fused.full.npy.gz
Psych-Folk,18161.fused.full.npy.gz
Psych-Folk,15883.fused.full.npy.gz
Psych-Folk,11537.fused.full.npy.gz
Psych-Folk,29460.fused.full.npy.gz
Psych-Folk,42659.fused.full.npy.gz
Psych-Folk,40429.fused.full.npy.gz
Psych-Folk,15881.fused.full.npy.gz
Psych-Folk,113533.fused.full.npy.gz
Psych-Folk,41310.fused.full.npy.gz
Psych-Folk,42655.fused.full.npy.gz
Psych-Folk,35735.fused.full.npy.gz
Psych-Folk,40425.fused.full.npy.gz
Psych-Folk,31356.fused.full.npy.gz
Psych-Folk,10802.fused.full.npy.gz
Psych-Folk,10801.fused.full.npy.gz
Psych-Folk,39748.fused.full.npy.gz
Psych-Folk,29456.fused.full.npy.gz
Psych-Folk,29468.fused.full.npy.gz
Psych-Folk,11535.fused.full.npy.gz
Psych-Folk,11515.fused.full.npy.gz
Psych-Folk,42648.fused.full.npy.gz
Psych-Folk,35748.fused.full.npy.gz
Psych-Folk,35739.fused.full.npy.gz
Psych-Folk,39746.fused.full.npy.gz
Psych-Folk,42470.fused.full.npy.gz
Psych-Folk,11510.fused.full.npy.gz
Psych-Folk,11524.fused.full.npy.gz
Psych-Folk,39758.fused.full.npy.gz
Psych-Folk,11512.fused.full.npy.gz
Psych-Folk,24659.fused.full.npy.gz
Psych-Folk,32636.fused.full.npy.gz
Psych-Folk,39754.fused.full.npy.gz
Psych-Folk,39740.fused.full.npy.gz
Psych-Folk,29469.fused.full.npy.gz
Psych-Folk,12349.fused.full.npy.gz
Psych-Folk,39674.fused.full.npy.gz
Psych-Folk,36341.fused.full.npy.gz
Psych-Rock,13132.fused.full.npy.gz
Psych-Rock,19461.fused.full.npy.gz
Psych-Rock,11437.fused.full.npy.gz
Psych-Rock,50613.fused.full.npy.gz
Psych-Rock,87363.fused.full.npy.gz
Psych-Rock,63922.fused.full.npy.gz
Psych-Rock,34414.fused.full.npy.gz
Psych-Rock,9177.fused.full.npy.gz
Psych-Rock,19465.fused.full.npy.gz
Psych-Rock,50668.fused.full.npy.gz
Psych-Rock,19472.fused.full.npy.gz
Psych-Rock,13134.fused.full.npy.gz
Psych-Rock,9188.fused.full.npy.gz
Psych-Rock,9175.fused.full.npy.gz
Psych-Rock,49891.fused.full.npy.gz
Psych-Rock,50523.fused.full.npy.gz
Psych-Rock,6669.fused.full.npy.gz
Psych-Rock,5400.fused.full.npy.gz
Psych-Rock,49207.fused.full.npy.gz
Psych-Rock,17579.fused.full.npy.gz
Psych-Rock,108291.fused.full.npy.gz
Psych-Rock,37725.fused.full.npy.gz
Psych-Rock,36085.fused.full.npy.gz
Psych-Rock,111213.fused.full.npy.gz
Psych-Rock,46658.fused.full.npy.gz
Psych-Rock,46204.fused.full.npy.gz
Psych-Rock,26642.fused.full.npy.gz
Psych-Rock,29838.fused.full.npy.gz
Psych-Rock,56882.fused.full.npy.gz
Psych-Rock,4083.fused.full.npy.gz
Psych-Rock,9174.fused.full.npy.gz
Psych-Rock,49749.fused.full.npy.gz
Psych-Rock,18198.fused.full.npy.gz
Psych-Rock,80312.fused.full.npy.gz
Psych-Rock,23254.fused.full.npy.gz
Psych-Rock,15117.fused.full.npy.gz
Psych-Rock,8279.fused.full.npy.gz
Psych-Rock,15120.fused.full.npy.gz
Psych-Rock,34674.fused.full.npy.gz
Psych-Rock,46206.fused.full.npy.gz
Psych-Rock,50611.fused.full.npy.gz
Psych-Rock,34851.fused.full.npy.gz
Psych-Rock,50665.fused.full.npy.gz
Psych-Rock,22235.fused.full.npy.gz
Psych-Rock,36084.fused.full.npy.gz
Psych-Rock,48263.fused.full.npy.gz
Psych-Rock,42476.fused.full.npy.gz
Psych-Rock,36082.fused.full.npy.gz
Psych-Rock,1945.fused.full.npy.gz
Psych-Rock,34420.fused.full.npy.gz
Psych-Rock,49339.fused.full.npy.gz
Psych-Rock,20934.fused.full.npy.gz
Psych-Rock,46629.fused.full.npy.gz
Psych-Rock,9176.fused.full.npy.gz
Psych-Rock,1516.fused.full.npy.gz
Psych-Rock,22248.fused.full.npy.gz
Psych-Rock,11632.fused.full.npy.gz
Psych-Rock,7277.fused.full.npy.gz
Psych-Rock,23258.fused.full.npy.gz
Psych-Rock,42477.fused.full.npy.gz
Psych-Rock,19348.fused.full.npy.gz
Psych-Rock,34888.fused.full.npy.gz
Psych-Rock,18607.fused.full.npy.gz
Psych-Rock,34413.fused.full.npy.gz
Psych-Rock,34656.fused.full.npy.gz
Psych-Rock,50610.fused.full.npy.gz
Psych-Rock,34677.fused.full.npy.gz
Psych-Rock,57551.fused.full.npy.gz
Psych-Rock,28200.fused.full.npy.gz
Psych-Rock,48923.fused.full.npy.gz
Psych-Rock,18295.fused.full.npy.gz
Psych-Rock,42486.fused.full.npy.gz
Psych-Rock,36083.fused.full.npy.gz
Psych-Rock,19353.fused.full.npy.gz
Psych-Rock,22249.fused.full.npy.gz
Psych-Rock,47150.fused.full.npy.gz
Psych-Rock,22251.fused.full.npy.gz
Psych-Rock,28581.fused.full.npy.gz
Psych-Rock,1524.fused.full.npy.gz
Psych-Rock,4084.fused.full.npy.gz
Psych-Rock,18197.fused.full.npy.gz
Psych-Rock,42453.fused.full.npy.gz
Psych-Rock,20937.fused.full.npy.gz
Psych-Rock,38746.fused.full.npy.gz
Psych-Rock,17581.fused.full.npy.gz
Psych-Rock,13135.fused.full.npy.gz
Psych-Rock,34675.fused.full.npy.gz
Psych-Rock,34676.fused.full.npy.gz
Psych-Rock,34373.fused.full.npy.gz
Psych-Rock,26328.fused.full.npy.gz
Psych-Rock,28201.fused.full.npy.gz
Psych-Rock,42483.fused.full.npy.gz
Psych-Rock,26324.fused.full.npy.gz
Psych-Rock,50525.fused.full.npy.gz
Psych-Rock,20936.fused.full.npy.gz
Psych-Rock,15289.fused.full.npy.gz
Psych-Rock,42766.fused.full.npy.gz
Psych-Rock,4500.fused.full.npy.gz
Psych-Rock,18609.fused.full.npy.gz
Psych-Rock,42478.fused.full.npy.gz
Psych-Rock,26327.fused.full.npy.gz
Psych-Rock,19466.fused.full.npy.gz
Psych-Rock,13131.fused.full.npy.gz
Psych-Rock,34418.fused.full.npy.gz
Psych-Rock,6835.fused.full.npy.gz
Psych-Rock,25639.fused.full.npy.gz
Psych-Rock,34376.fused.full.npy.gz
Psych-Rock,47153.fused.full.npy.gz
Psych-Rock,4503.fused.full.npy.gz
Psych-Rock,37859.fused.full.npy.gz
Psych-Rock,34419.fused.full.npy.gz
Psych-Rock,7280.fused.full.npy.gz
Psych-Rock,34423.fused.full.npy.gz
Psych-Rock,56885.fused.full.npy.gz
Psych-Rock,41966.fused.full.npy.gz
Psych-Rock,47676.fused.full.npy.gz
Psych-Rock,29840.fused.full.npy.gz
Psych-Rock,80301.fused.full.npy.gz
Psych-Rock,19467.fused.full.npy.gz
Psych-Rock,19351.fused.full.npy.gz
Psych-Rock,22247.fused.full.npy.gz
Psych-Rock,42485.fused.full.npy.gz
Psych-Rock,42484.fused.full.npy.gz
Psych-Rock,111210.fused.full.npy.gz
Psych-Rock,18614.fused.full.npy.gz
Psych-Rock,15118.fused.full.npy.gz
Psych-Rock,8283.fused.full.npy.gz
Psych-Rock,80307.fused.full.npy.gz
Psych-Rock,26325.fused.full.npy.gz
Psych-Rock,1946.fused.full.npy.gz
Psych-Rock,49336.fused.full.npy.gz
Psych-Rock,35571.fused.full.npy.gz
Psych-Rock,63918.fused.full.npy.gz
Psych-Rock,18611.fused.full.npy.gz
Psych-Rock,49327.fused.full.npy.gz
Psych-Rock,34422.fused.full.npy.gz
Psych-Rock,42454.fused.full.npy.gz
Psych-Rock,63919.fused.full.npy.gz
Psych-Rock,4086.fused.full.npy.gz
Psych-Rock,1523.fused.full.npy.gz
Psych-Rock,19469.fused.full.npy.gz
Psych-Rock,34679.fused.full.npy.gz
Psych-Rock,6673.fused.full.npy.gz
Psych-Rock,49206.fused.full.npy.gz
Psych-Rock,18612.fused.full.npy.gz
Psych-Rock,4087.fused.full.npy.gz
Psych-Rock,50664.fused.full.npy.gz
Psych-Rock,20935.fused.full.npy.gz
Psych-Rock,47155.fused.full.npy.gz
Psych-Rock,28197.fused.full.npy.gz
Psych-Rock,30634.fused.full.npy.gz
Psych-Rock,39965.fused.full.npy.gz
Psych-Rock,15282.fused.full.npy.gz
Psych-Rock,34421.fused.full.npy.gz
Psych-Rock,28194.fused.full.npy.gz
Psych-Rock,56883.fused.full.npy.gz
Psych-Rock,42769.fused.full.npy.gz
Psych-Rock,6831.fused.full.npy.gz
Psych-Rock,50612.fused.full.npy.gz
Psych-Rock,13136.fused.full.npy.gz
Punk,176.fused.full.npy.gz
Punk,111276.fused.full.npy.gz
Punk,49178.fused.full.npy.gz
Punk,14203.fused.full.npy.gz
Punk,18756.fused.full.npy.gz
Punk,28063.fused.full.npy.gz
Punk,2070.fused.full.npy.gz
Punk,18472.fused.full.npy.gz
Punk,37634.fused.full.npy.gz
Punk,110544.fused.full.npy.gz
Punk,1273.fused.full.npy.gz
Punk,4412.fused.full.npy.gz
Punk,8207.fused.full.npy.gz
Punk,4265.fused.full.npy.gz
Punk,807.fused.full.npy.gz
Punk,8196.fused.full.npy.gz
Punk,105097.fused.full.npy.gz
Punk,4322.fused.full.npy.gz
Punk,54736.fused.full.npy.gz
Punk,8193.fused.full.npy.gz
Punk,111272.fused.full.npy.gz
Punk,105101.fused.full.npy.gz
Punk,19550.fused.full.npy.gz
Punk,99257.fused.full.npy.gz
Punk,2069.fused.full.npy.gz
Punk,26955.fused.full.npy.gz
Punk,18416.fused.full.npy.gz
Punk,45550.fused.full.npy.gz
Punk,31304.fused.full.npy.gz
Punk,20535.fused.full.npy.gz
Punk,54083.fused.full.npy.gz
Punk,71488.fused.full.npy.gz
Punk,4603.fused.full.npy.gz
Punk,5240.fused.full.npy.gz
Punk,17855.fused.full.npy.gz
Punk,7852.fused.full.npy.gz
Punk,8195.fused.full.npy.gz
Punk,8199.fused.full.npy.gz
Punk,27779.fused.full.npy.gz
Punk,26805.fused.full.npy.gz
Punk,19661.fused.full.npy.gz
Punk,26957.fused.full.npy.gz
Punk,47388.fused.full.npy.gz
Punk,23673.fused.full.npy.gz
Punk,18412.fused.full.npy.gz
Punk,14256.fused.full.npy.gz
Punk,8200.fused.full.npy.gz
Punk,90690.fused.full.npy.gz
Punk,23678.fused.full.npy.gz
Punk,172.fused.full.npy.gz
Punk,3855.fused.full.npy.gz
Punk,7843.fused.full.npy.gz
Punk,4485.fused.full.npy.gz
Punk,7900.fused.full.npy.gz
Punk,7851.fused.full.npy.gz
Punk,7871.fused.full.npy.gz
Punk,31300.fused.full.npy.gz
Punk,17841.fused.full.npy.gz
Punk,18410.fused.full.npy.gz
Punk,105098.fused.full.npy.gz
Punk,49812.fused.full.npy.gz
Punk,49815.fused.full.npy.gz
Punk,23674.fused.full.npy.gz
Punk,14199.fused.full.npy.gz
Punk,23677.fused.full.npy.gz
Punk,111271.fused.full.npy.gz
Punk,8202.fused.full.npy.gz
Punk,52008.fused.full.npy.gz
Punk,7895.fused.full.npy.gz
Punk,22598.fused.full.npy.gz
Punk,13786.fused.full.npy.gz
Punk,20347.fused.full.npy.gz
Punk,4602.fused.full.npy.gz
Punk,19400.fused.full.npy.gz
Punk,4493.fused.full.npy.gz
Punk,27679.fused.full.npy.gz
Punk,28746.fused.full.npy.gz
Punk,4318.fused.full.npy.gz
Punk,17898.fused.full.npy.gz
Punk,7865.fused.full.npy.gz
Punk,54082.fused.full.npy.gz
Punk,4484.fused.full.npy.gz
Punk,78133.fused.full.npy.gz
Punk,17321.fused.full.npy.gz
Punk,5241.fused.full.npy.gz
Punk,20487.fused.full.npy.gz
Punk,111277.fused.full.npy.gz
Punk,4328.fused.full.npy.gz
Punk,17323.fused.full.npy.gz
Punk,30071.fused.full.npy.gz
Punk,47396.fused.full.npy.gz
Punk,27364.fused.full.npy.gz
Punk,19663.fused.full.npy.gz
Punk,18758.fused.full.npy.gz
Punk,107507.fused.full.npy.gz
Punk,69272.fused.full.npy.gz
Punk,65167.fused.full.npy.gz
Punk,52005.fused.full.npy.gz
Punk,4320.fused.full.npy.gz
Punk,47385.fused.full.npy.gz
Punk,46265.fused.full.npy.gz
Punk,71485.fused.full.npy.gz
Punk,31302.fused.full.npy.gz
Punk,20484.fused.full.npy.gz
Punk,4266.fused.full.npy.gz
Punk,28759.fused.full.npy.gz
Punk,69949.fused.full.npy.gz
Punk,804.fused.full.npy.gz
Punk,78126.fused.full.npy.gz
Punk,18755.fused.full.npy.gz
Punk,3854.fused.full.npy.gz
Punk,111270.fused.full.npy.gz
Punk,13790.fused.full.npy.gz
Punk,78068.fused.full.npy.gz
Punk,14103.fused.full.npy.gz
Punk,28841.fused.full.npy.gz
Punk,47466.fused.full.npy.gz
Punk,20717.fused.full.npy.gz
Punk,20713.fused.full.npy.gz
Punk,23671.fused.full.npy.gz
Punk,111274.fused.full.npy.gz
Punk,28779.fused.full.npy.gz
Punk,4125.fused.full.npy.gz
Punk,4490.fused.full.npy.gz
Punk,58587.fused.full.npy.gz
Punk,23676.fused.full.npy.gz
Punk,10930.fused.full.npy.gz
Punk,8206.fused.full.npy.gz
Punk,3626.fused.full.npy.gz
Punk,28060.fused.full.npy.gz
Punk,28752.fused.full.npy.gz
Punk,20491.fused.full.npy.gz
Punk,19392.fused.full.npy.gz
Punk,68708.fused.full.npy.gz
Punk,47393.fused.full.npy.gz
Punk,20339.fused.full.npy.gz
Punk,7896.fused.full.npy.gz
Punk,7838.fused.full.npy.gz
Punk,69264.fused.full.npy.gz
Punk,71486.fused.full.npy.gz
Punk,55923.fused.full.npy.gz
Punk,4131.fused.full.npy.gz
Punk,805.fused.full.npy.gz
Punk,7837.fused.full.npy.gz
Punk,4264.fused.full.npy.gz
Punk,30077.fused.full.npy.gz
Punk,2125.fused.full.npy.gz
Punk,111278.fused.full.npy.gz
Punk,23672.fused.full.npy.gz
Punk,1780.fused.full.npy.gz
Punk,20341.fused.full.npy.gz
Punk,1274.fused.full.npy.gz
Punk,45462.fused.full.npy.gz
Punk,7850.fused.full.npy.gz
Punk,7840.fused.full.npy.gz
Punk,68707.fused.full.npy.gz
Punk,28057.fused.full.npy.gz
Punk,10932.fused.full.npy.gz
Punk,111275.fused.full.npy.gz
Punk,69270.fused.full.npy.gz
Rock,123148.fused.full.npy.gz
Rock,4196.fused.full.npy.gz
Rock,50444.fused.full.npy.gz
Rock,12192.fused.full.npy.gz
Rock,15553.fused.full.npy.gz
Rock,12371.fused.full.npy.gz
Rock,1147.fused.full.npy.gz
Rock,117884.fused.full.npy.gz
Rock,5277.fused.full.npy.gz
Rock,5279.fused.full.npy.gz
Rock,53738.fused.full.npy.gz
Rock,993.fused.full.npy.gz
Rock,3767.fused.full.npy.gz
Rock,37948.fused.full.npy.gz
Rock,7160.fused.full.npy.gz
Rock,5283.fused.full.npy.gz
Rock,1189.fused.full.npy.gz
Rock,4003.fused.full.npy.gz
Rock,69892.fused.full.npy.gz
Rock,10062.fused.full.npy.gz
Rock,121465.fused.full.npy.gz
Rock,4250.fused.full.npy.gz
Rock,1289.fused.full.npy.gz
Rock,40949.fused.full.npy.gz
Rock,57634.fused.full.npy.gz
Rock,71371.fused.full.npy.gz
Rock,28282.fused.full.npy.gz
Rock,121464.fused.full.npy.gz
Rock,845.fused.full.npy.gz
Rock,5226.fused.full.npy.gz
Rock,1371.fused.full.npy.gz
Rock,4004.fused.full.npy.gz
Rock,9994.fused.full.npy.gz
Rock,4194.fused.full.npy.gz
Rock,1788.fused.full.npy.gz
Rock,3515.fused.full.npy.gz
Rock,1789.fused.full.npy.gz
Rock,121463.fused.full.npy.gz
Rock,3751.fused.full.npy.gz
Rock,15026.fused.full.npy.gz
Rock,4253.fused.full.npy.gz
Rock,14740.fused.full.npy.gz
Rock,3689.fused.full.npy.gz
Rock,31047.fused.full.npy.gz
Rock,121258.fused.full.npy.gz
Rock,15136.fused.full.npy.gz
Rock,17550.fused.full.npy.gz
Rock,4331.fused.full.npy.gz
Rock,14417.fused.full.npy.gz
Rock,84283.fused.full.npy.gz
Rock,5100.fused.full.npy.gz
Rock,1143.fused.full.npy.gz
Rock,63777.fused.full.npy.gz
Rock,851.fused.full.npy.gz
Rock,3695.fused.full.npy.gz
Rock,39021.fused.full.npy.gz
Rock,27608.fused.full.npy.gz
Rock,11123.fused.full.npy.gz
Rock,46818.fused.full.npy.gz
Rock,15028.fused.full.npy.gz
Rock,33533.fused.full.npy.gz
Rock,3684.fused.full.npy.gz
Rock,15025.fused.full.npy.gz
Rock,25743.fused.full.npy.gz
Rock,27606.fused.full.npy.gz
Rock,1144.fused.full.npy.gz
Rock,825.fused.full.npy.gz
Rock,36399.fused.full.npy.gz
Rock,7474.fused.full.npy.gz
Rock,33189.fused.full.npy.gz
Rock,4373.fused.full.npy.gz
Rock,15497.fused.full.npy.gz
Rock,16697.fused.full.npy.gz
Rock,63774.fused.full.npy.gz
Rock,104085.fused.full.npy.gz
Rock,29499.fused.full.npy.gz
Rock,1108.fused.full.npy.gz
Rock,67121.fused.full.npy.gz
Rock,5278.fused.full.npy.gz
Rock,16343.fused.full.npy.gz
Rock,53344.fused.full.npy.gz
Rock,3698.fused.full.npy.gz
Rock,17445.fused.full.npy.gz
Rock,9993.fused.full.npy.gz
Rock,40943.fused.full.npy.gz
Rock,27876.fused.full.npy.gz
Rock,35476.fused.full.npy.gz
Rock,17446.fused.full.npy.gz
Rock,4285.fused.full.npy.gz
Rock,3703.fused.full.npy.gz
Rock,5990.fused.full.npy.gz
Rock,17452.fused.full.npy.gz
Rock,9992.fused.full.npy.gz
Rock,1116.fused.full.npy.gz
Rock,52960.fused.full.npy.gz
Rock,1052.fused.full.npy.gz
Rock,9989.fused.full.npy.gz
Rock,1798.fused.full.npy.gz
Rock,33187.fused.full.npy.gz
Rock,22401.fused.full.npy.gz
Rock,15130.fused.full.npy.gz
Rock,52967.fused.full.npy.gz
Rock,51716.fused.full.npy.gz
Rock,72063.fused.full.npy.gz
Rock,28835.fused.full.npy.gz
Rock,14295.fused.full.npy.gz
Rock,47479.fused.full.npy.gz
Rock,1797.fused.full.npy.gz
Rock,53735.fused.full.npy.gz
Rock,1690.fused.full.npy.gz
Rock,4348.fused.full.npy.gz
Rock,14743.fused.full.npy.gz
Rock,3685.fused.full.npy.gz
Rock,42461.fused.full.npy.gz
Rock,4116.fused.full.npy.gz
Rock,3694.fused.full.npy.gz
Rock,40948.fused.full.npy.gz
Rock,12114.fused.full.npy.gz
Rock,31873.fused.full.npy.gz
Rock,14745.fused.full.npy.gz
Rock,35539.fused.full.npy.gz
Rock,14294.fused.full.npy.gz
Rock,846.fused.full.npy.gz
Rock,3691.fused.full.npy.gz
Rock,15614.fused.full.npy.gz
Rock,3551.fused.full.npy.gz
Rock,1187.fused.full.npy.gz
Rock,3499.fused.full.npy.gz
Rock,1282.fused.full.npy.gz
Rock,28833.fused.full.npy.gz
Rock,1792.fused.full.npy.gz
Rock,1885.fused.full.npy.gz
Rock,4204.fused.full.npy.gz
Rock,33540.fused.full.npy.gz
Rock,1883.fused.full.npy.gz
Rock,1284.fused.full.npy.gz
Rock,11306.fused.full.npy.gz
Rock,116867.fused.full.npy.gz
Rock,1706.fused.full.npy.gz
Rock,22400.fused.full.npy.gz
Rock,50220.fused.full.npy.gz
Rock,11711.fused.full.npy.gz
Rock,29881.fused.full.npy.gz
Rock,4249.fused.full.npy.gz
Rock,124530.fused.full.npy.gz
Rock,75905.fused.full.npy.gz
Rock,10054.fused.full.npy.gz
Rock,17449.fused.full.npy.gz
Rock,22342.fused.full.npy.gz
Rock,76500.fused.full.npy.gz
Rock,31428.fused.full.npy.gz
Rock,63048.fused.full.npy.gz
Rock,3697.fused.full.npy.gz
Rock,15024.fused.full.npy.gz
Rock,5987.fused.full.npy.gz
Rock,3699.fused.full.npy.gz
Rock,4346.fused.full.npy.gz
Rock,6520.fused.full.npy.gz
Rock,58424.fused.full.npy.gz
Rock,28266.fused.full.npy.gz
Soundtrack,41840.fused.full.npy.gz
Soundtrack,40659.fused.full.npy.gz
Soundtrack,40655.fused.full.npy.gz
Soundtrack,122635.fused.full.npy.gz
Soundtrack,41987.fused.full.npy.gz
Soundtrack,41982.fused.full.npy.gz
Soundtrack,36940.fused.full.npy.gz
Soundtrack,43093.fused.full.npy.gz
Soundtrack,20370.fused.full.npy.gz
Soundtrack,36915.fused.full.npy.gz
Soundtrack,36928.fused.full.npy.gz
Soundtrack,41970.fused.full.npy.gz
Soundtrack,41600.fused.full.npy.gz
Soundtrack,41988.fused.full.npy.gz
Soundtrack,41976.fused.full.npy.gz
Soundtrack,100853.fused.full.npy.gz
Soundtrack,41980.fused.full.npy.gz
Soundtrack,36909.fused.full.npy.gz
Soundtrack,14583.fused.full.npy.gz
Soundtrack,41598.fused.full.npy.gz
Soundtrack,36929.fused.full.npy.gz
Soundtrack,100881.fused.full.npy.gz
Soundtrack,36910.fused.full.npy.gz
Soundtrack,100868.fused.full.npy.gz
Soundtrack,119293.fused.full.npy.gz
Soundtrack,36913.fused.full.npy.gz
Soundtrack,100851.fused.full.npy.gz
Soundtrack,14588.fused.full.npy.gz
Soundtrack,40656.fused.full.npy.gz
Soundtrack,100855.fused.full.npy.gz
Soundtrack,37123.fused.full.npy.gz
Soundtrack,41974.fused.full.npy.gz
Soundtrack,36924.fused.full.npy.gz
Soundtrack,100854.fused.full.npy.gz
Soundtrack,122627.fused.full.npy.gz
Soundtrack,43097.fused.full.npy.gz
Soundtrack,37111.fused.full.npy.gz
Soundtrack,37125.fused.full.npy.gz
Soundtrack,36923.fused.full.npy.gz
Soundtrack,41839.fused.full.npy.gz
Soundtrack,43098.fused.full.npy.gz
Soundtrack,100852.fused.full.npy.gz
Soundtrack,41971.fused.full.npy.gz
Soundtrack,36040.fused.full.npy.gz
Soundtrack,68280.fused.full.npy.gz
Soundtrack,122625.fused.full.npy.gz
Soundtrack,91595.fused.full.npy.gz
Soundtrack,14578.fused.full.npy.gz
Soundtrack,120524.fused.full.npy.gz
Soundtrack,36922.fused.full.npy.gz
Soundtrack,36919.fused.full.npy.gz
Soundtrack,41978.fused.full.npy.gz
Soundtrack,100857.fused.full.npy.gz
Soundtrack,36917.fused.full.npy.gz
Soundtrack,14571.fused.full.npy.gz
Soundtrack,36914.fused.full.npy.gz
Soundtrack,37113.fused.full.npy.gz
Soundtrack,40660.fused.full.npy.gz
Soundtrack,100839.fused.full.npy.gz
Soundtrack,68277.fused.full.npy.gz
Soundtrack,36925.fused.full.npy.gz
Soundtrack,20372.fused.full.npy.gz
Soundtrack,36916.fused.full.npy.gz
Soundtrack,68278.fused.full.npy.gz
Soundtrack,118954.fused.full.npy.gz
Soundtrack,14568.fused.full.npy.gz
Soundtrack,20367.fused.full.npy.gz
Soundtrack,41979.fused.full.npy.gz
Soundtrack,43095.fused.full.npy.gz
Soundtrack,36936.fused.full.npy.gz
Soundtrack,100856.fused.full.npy.gz
Soundtrack,36944.fused.full.npy.gz
Soundtrack,41967.fused.full.npy.gz
Soundtrack,36918.fused.full.npy.gz
Soundtrack,36911.fused.full.npy.gz
Soundtrack,91596.fused.full.npy.gz
Soundtrack,100844.fused.full.npy.gz
Soundtrack,122626.fused.full.npy.gz
Soundtrack,36912.fused.full.npy.gz
Soundtrack,43094.fused.full.npy.gz
Soundtrack,41843.fused.full.npy.gz
Soundtrack,36941.fused.full.npy.gz
Soundtrack,100867.fused.full.npy.gz
Soundtrack,41977.fused.full.npy.gz
Soundtrack,91597.fused.full.npy.gz
Soundtrack,20364.fused.full.npy.gz
Soundtrack,122628.fused.full.npy.gz
Soundtrack,36933.fused.full.npy.gz
Soundtrack,20374.fused.full.npy.gz
Soundtrack,36930.fused.full.npy.gz
Soundtrack,81543.fused.full.npy.gz
Soundtrack,43096.fused.full.npy.gz
Soundtrack,36037.fused.full.npy.gz
Soundtrack,122624.fused.full.npy.gz
Soundtrack,36937.fused.full.npy.gz
Soundtrack,43099.fused.full.npy.gz
Soundtrack,100882.fused.full.npy.gz
Soundtrack,20361.fused.full.npy.gz
Soundtrack,20366.fused.full.npy.gz
Soundtrack,122631.fused.full.npy.gz
Soundtrack,40658.fused.full.npy.gz
Soundtrack,20365.fused.full.npy.gz
Soundtrack,31388.fused.full.npy.gz
Soundtrack,20777.fused.full.npy.gz
Soundtrack,14584.fused.full.npy.gz
Soundtrack,36939.fused.full.npy.gz
Soundtrack,41842.fused.full.npy.gz
Soundtrack,20375.fused.full.npy.gz
Soundtrack,122630.fused.full.npy.gz
Soundtrack,20373.fused.full.npy.gz
Soundtrack,100847.fused.full.npy.gz
Soundtrack,14590.fused.full.npy.gz
Soundtrack,14586.fused.full.npy.gz
Soundtrack,14589.fused.full.npy.gz
Soundtrack,20376.fused.full.npy.gz
Soundtrack,41969.fused.full.npy.gz
Soundtrack,20368.fused.full.npy.gz
Soundtrack,118952.fused.full.npy.gz
Soundtrack,36932.fused.full.npy.gz
Soundtrack,122633.fused.full.npy.gz
Soundtrack,118950.fused.full.npy.gz
Soundtrack,124180.fused.full.npy.gz
Soundtrack,100848.fused.full.npy.gz
Soundtrack,41838.fused.full.npy.gz
Trip-Hop,12339.fused.full.npy.gz
Trip-Hop,66855.fused.full.npy.gz
Trip-Hop,16828.fused.full.npy.gz
Trip-Hop,69591.fused.full.npy.gz
Trip-Hop,62646.fused.full.npy.gz
Trip-Hop,24803.fused.full.npy.gz
Trip-Hop,124853.fused.full.npy.gz
Trip-Hop,32758.fused.full.npy.gz
Trip-Hop,24799.fused.full.npy.gz
Trip-Hop,113334.fused.full.npy.gz
Trip-Hop,124855.fused.full.npy.gz
Trip-Hop,66862.fused.full.npy.gz
Trip-Hop,24794.fused.full.npy.gz
Trip-Hop,69593.fused.full.npy.gz
Trip-Hop,118629.fused.full.npy.gz
Trip-Hop,62638.fused.full.npy.gz
Trip-Hop,29042.fused.full.npy.gz
Trip-Hop,113326.fused.full.npy.gz
Trip-Hop,62666.fused.full.npy.gz
Trip-Hop,12378.fused.full.npy.gz
Trip-Hop,18323.fused.full.npy.gz
Trip-Hop,24807.fused.full.npy.gz
Trip-Hop,16824.fused.full.npy.gz
Trip-Hop,124788.fused.full.npy.gz
Trip-Hop,33271.fused.full.npy.gz
Trip-Hop,107617.fused.full.npy.gz
Trip-Hop,113329.fused.full.npy.gz
Trip-Hop,66861.fused.full.npy.gz
Trip-Hop,66860.fused.full.npy.gz
Trip-Hop,30896.fused.full.npy.gz
Trip-Hop,118621.fused.full.npy.gz
Trip-Hop,12195.fused.full.npy.gz
Trip-Hop,12171.fused.full.npy.gz
Trip-Hop,124814.fused.full.npy.gz
Trip-Hop,118922.fused.full.npy.gz
Trip-Hop,62642.fused.full.npy.gz
Trip-Hop,124820.fused.full.npy.gz
Trip-Hop,124856.fused.full.npy.gz
Trip-Hop,118627.fused.full.npy.gz
Trip-Hop,24802.fused.full.npy.gz
Trip-Hop,24793.fused.full.npy.gz
Trip-Hop,124810.fused.full.npy.gz
Trip-Hop,107613.fused.full.npy.gz
Trip-Hop,11934.fused.full.npy.gz
Trip-Hop,107481.fused.full.npy.gz
Trip-Hop,113331.fused.full.npy.gz
Trip-Hop,29263.fused.full.npy.gz
Trip-Hop,124817.fused.full.npy.gz
Trip-Hop,124864.fused.full.npy.gz
Trip-Hop,62664.fused.full.npy.gz
Trip-Hop,24805.fused.full.npy.gz
Trip-Hop,13562.fused.full.npy.gz
Trip-Hop,24801.fused.full.npy.gz
Trip-Hop,124775.fused.full.npy.gz
Trip-Hop,62641.fused.full.npy.gz
Trip-Hop,113335.fused.full.npy.gz
Trip-Hop,66859.fused.full.npy.gz
Trip-Hop,124818.fused.full.npy.gz
Trip-Hop,66851.fused.full.npy.gz
Trip-Hop,113332.fused.full.npy.gz
Trip-Hop,66849.fused.full.npy.gz
Trip-Hop,24795.fused.full.npy.gz
Trip-Hop,13442.fused.full.npy.gz
Trip-Hop,30902.fused.full.npy.gz
Trip-Hop,24792.fused.full.npy.gz
Trip-Hop,13474.fused.full.npy.gz
Trip-Hop,62645.fused.full.npy.gz
Trip-Hop,66857.fused.full.npy.gz
Trip-Hop,30895.fused.full.npy.gz
Trip-Hop,30894.fused.full.npy.gz
Trip-Hop,113336.fused.full.npy.gz
Trip-Hop,24813.fused.full.npy.gz
Trip-Hop,118623.fused.full.npy.gz
Trip-Hop,24808.fused.full.npy.gz
Trip-Hop,29040.fused.full.npy.gz
Trip-Hop,124863.fused.full.npy.gz
Trip-Hop,16826.fused.full.npy.gz
Trip-Hop,24800.fused.full.npy.gz
Trip-Hop,24814.fused.full.npy.gz
Trip-Hop,107616.fused.full.npy.gz
Trip-Hop,69588.fused.full.npy.gz
Trip-Hop,124857.fused.full.npy.gz
Trip-Hop,124819.fused.full.npy.gz
Trip-Hop,30904.fused.full.npy.gz
Trip-Hop,118923.fused.full.npy.gz
Trip-Hop,30905.fused.full.npy.gz
Trip-Hop,30893.fused.full.npy.gz
Trip-Hop,124784.fused.full.npy.gz
Trip-Hop,118626.fused.full.npy.gz
Trip-Hop,24816.fused.full.npy.gz
Trip-Hop,69590.fused.full.npy.gz
Trip-Hop,113328.fused.full.npy.gz
Trip-Hop,62639.fused.full.npy.gz
Trip-Hop,113327.fused.full.npy.gz
Trip-Hop,118921.fused.full.npy.gz
Trip-Hop,22081.fused.full.npy.gz
Trip-Hop,30899.fused.full.npy.gz
Trip-Hop,18324.fused.full.npy.gz
Trip-Hop,124854.fused.full.npy.gz
Trip-Hop,62667.fused.full.npy.gz
Trip-Hop,11201.fused.full.npy.gz
Trip-Hop,107614.fused.full.npy.gz
Trip-Hop,62644.fused.full.npy.gz
Trip-Hop,66850.fused.full.npy.gz
Trip-Hop,107615.fused.full.npy.gz
Trip-Hop,62640.fused.full.npy.gz
Trip-Hop,124808.fused.full.npy.gz
Trip-Hop,30898.fused.full.npy.gz
Trip-Hop,124765.fused.full.npy.gz
Trip-Hop,62647.fused.full.npy.gz
Trip-Hop,124809.fused.full.npy.gz
Trip-Hop,24811.fused.full.npy.gz
Trip-Hop,16823.fused.full.npy.gz
Trip-Hop,24809.fused.full.npy.gz
Trip-Hop,30900.fused.full.npy.gz
Trip-Hop,66856.fused.full.npy.gz
Trip-Hop,24798.fused.full.npy.gz
Trip-Hop,16829.fused.full.npy.gz
Trip-Hop,66866.fused.full.npy.gz
Trip-Hop,13472.fused.full.npy.gz
Trip-Hop,24817.fused.full.npy.gz
Trip-Hop,124812.fused.full.npy.gz
Trip-Hop,30903.fused.full.npy.gz
Trip-Hop,30897.fused.full.npy.gz
Trip-Hop,118620.fused.full.npy.gz
Trip-Hop,118628.fused.full.npy.gz
Trip-Hop,16825.fused.full.npy.gz
Trip-Hop,69592.fused.full.npy.gz
Trip-Hop,107800.fused.full.npy.gz
Trip-Hop,124862.fused.full.npy.gz
Trip-Hop,24806.fused.full.npy.gz
Trip-Hop,18322.fused.full.npy.gz
Trip-Hop,13590.fused.full.npy.gz
Trip-Hop,29039.fused.full.npy.gz
Trip-Hop,107480.fused.full.npy.gz
Trip-Hop,18326.fused.full.npy.gz
Trip-Hop,62673.fused.full.npy.gz
